[
  {
    "Id": "1136781",
    "ThreadId": "474291",
    "Html": "I am trying to read in a large amount of data using your wonderful tool, which is ideal.\r<br />\nThe problem is that the xlsx file in question has presumably been generated by a tool, as unless you manually open and then save and close the file, the ExcelDataReader will only read in the first column.\r<br />\n<br />\nThere are in fact 13 columns, but the first 2 rows are merged.\r<br />\n<br />\nHaving looked at the source code and stepped through, I can see that while reading the rows in, the array to hold the values is 1 in size, so all the following values are not saved, even though they are read in.\r<br />\n<br />\nAny help would be much appreciated. :)<br />\n",
    "PostedDate": "2013-12-16T09:47:08.92-08:00",
    "UserRole": null,
    "MarkedAsAnswerDate": null
  },
  {
    "Id": "1138171",
    "ThreadId": "474291",
    "Html": "I'm not sure if merged cells have been considered. I don't have capacity at the moment to figure it out, but it does sound like something that could be fixed.\r<br />\nI would recommend creating an issue. I won't be able to work on it for a few months at least though, so if you do figure it out it would be great if you can post the code in the issue, so we can eventually merge it into the code base.\r<br />\nA unit test that exposes the issue would be awesome.<br />\n",
    "PostedDate": "2013-12-19T04:02:51.5-08:00",
    "UserRole": null,
    "MarkedAsAnswerDate": null
  }
]