[
  {
    "Id": "777382",
    "ThreadId": "325043",
    "Html": "\r\n<p>Hi All,</p>\r\n<p>Like many I had an issue with some office 2007/2010 files not working and have found that if you grab the latest project files (currently build 59893) this should resolve your files. It seems that development has continued but the main download has not been\r\n updated for some time.</p>\r\n<p>Other than I congratulate the dev team on this as you have saved me hours of work trying to get this working for a website I am creating at the moment.</p>\r\n<p>&nbsp;</p>\r\n<p>&nbsp;</p>\r\n",
    "PostedDate": "2012-02-18T05:13:15.813-08:00",
    "UserRole": null,
    "MarkedAsAnswerDate": null
  }
]