[
  {
    "Id": "988076",
    "ThreadId": "429891",
    "Html": "\r\n<p>There have been a lot of changes and fixes recently to the project. In particular Open Office generated excel binary files should now work. I would like to propose that we create a new release for download (called 2.1 beta ?).</p>\r\n<p>This will then make it more obvious to people discovering the project that things are now happening and also make it less likely that they download the (now quite old) 2.0.1.0 release and end up raises the same bugs that have been fixed.</p>\r\n<p>It also gives us an opportunity to get a wider variety of files tested in the field to make sure that the open office piece is working acceptably.</p>\r\n<p>Thoughts?</p>\r\n<p>Ian</p>\r\n",
    "PostedDate": "2013-01-17T04:33:36.907-08:00",
    "UserRole": null,
    "MarkedAsAnswerDate": null
  },
  {
    "Id": "988077",
    "ThreadId": "429891",
    "Html": "\r\n<p>I agree. You've been hacking through this stuff and I think I've barely contributed anything.</p>\r\n<p>What would you like me to do?</p>\r\n",
    "PostedDate": "2013-01-17T04:35:58.247-08:00",
    "UserRole": null,
    "MarkedAsAnswerDate": null
  },
  {
    "Id": "988081",
    "ThreadId": "429891",
    "Html": "\r\n<div dir=\"ltr\">Well, as we seem to be the only 2 active devs on this project, I'll take that as unanimous ;-)\r\n<div><br>\r\n</div>\r\n<div style=\"\">Re - what can you do to help more. I would say cherry pick stuff from the issue list or some of the submitted patches. If you have a way of generating non business sensitive SQL Server reporting reports that would be really useful to test if they\r\n work, as I have no SSRS generated files to test with (I have made a change that should help but it definitely needs a thorough unit test).</div>\r\n</div>\r\n<div><br>\r\n<br>\r\n<div>On Thu, Jan 17, 2013 at 12:36 PM, RyanONeill1970 <span dir=\"ltr\">&lt;<a href=\"mailto:notifications@codeplex.com\" target=\"_blank\">notifications@codeplex.com</a>&gt;</span> wrote:<br>\r\n<blockquote style=\"margin:0 0 0 .8ex; border-left:1px #ccc solid; padding-left:1ex\">\r\n<div>\r\n<p>From: RyanONeill1970</p>\r\n<div>\r\n<p>I agree. You've been hacking through this stuff and I think I've barely contributed anything.</p>\r\n<p>What would you like me to do?</p>\r\n</div>\r\n<div>\r\n<p>Read the <a href=\"http://exceldatareader.codeplex.com/discussions/429891#post988077\" target=\"_blank\">\r\nfull discussion online</a>.</p>\r\n<p>To add a post to this discussion, reply to this email (<a href=\"mailto:ExcelDataReader@discussions.codeplex.com?subject=[ExcelDataReader:429891]\" target=\"_blank\">ExcelDataReader@discussions.codeplex.com</a>)</p>\r\n<p>To start a new discussion for this project, email <a href=\"mailto:ExcelDataReader@discussions.codeplex.com\" target=\"_blank\">\r\nExcelDataReader@discussions.codeplex.com</a></p>\r\n<p>You are receiving this email because you subscribed to this discussion on CodePlex. You can\r\n<a href=\"https://exceldatareader.codeplex.com/subscriptions/thread/project/edit\" target=\"_blank\">\r\nunsubscribe or change your settings</a> on codePlex.com.</p>\r\n<p>Please note: Images and attachments will be removed from emails. Any posts to this discussion will also be available online at\r\n<a href=\"http://codeplex.com\" target=\"_blank\">codeplex.com</a></p>\r\n</div>\r\n</div>\r\n</blockquote>\r\n</div>\r\n<br>\r\n</div>\r\n",
    "PostedDate": "2013-01-17T04:44:12.213-08:00",
    "UserRole": null,
    "MarkedAsAnswerDate": null
  },
  {
    "Id": "988132",
    "ThreadId": "429891",
    "Html": "\r\n<div dir=\"ltr\">Ok, I created the release.</div>\r\n<div><br>\r\n<br>\r\n<div>On Thu, Jan 17, 2013 at 12:44 PM, Ian Cox <span dir=\"ltr\">&lt;<a href=\"mailto:ian1971@gmail.com\" target=\"_blank\">ian1971@gmail.com</a>&gt;</span> wrote:<br>\r\n<blockquote style=\"margin:0 0 0 .8ex; border-left:1px #ccc solid; padding-left:1ex\">\r\n<div dir=\"ltr\">Well, as we seem to be the only 2 active devs on this project, I'll take that as unanimous ;-)\r\n<div><br>\r\n</div>\r\n<div>Re - what can you do to help more. I would say cherry pick stuff from the issue list or some of the submitted patches. If you have a way of generating non business sensitive SQL Server reporting reports that would be really useful to test if they work,\r\n as I have no SSRS generated files to test with (I have made a change that should help but it definitely needs a thorough unit test).</div>\r\n</div>\r\n<div>\r\n<div>\r\n<div><br>\r\n<br>\r\n<div>On Thu, Jan 17, 2013 at 12:36 PM, RyanONeill1970 <span dir=\"ltr\">&lt;<a href=\"mailto:notifications@codeplex.com\" target=\"_blank\">notifications@codeplex.com</a>&gt;</span> wrote:<br>\r\n<blockquote style=\"margin:0 0 0 .8ex; border-left:1px #ccc solid; padding-left:1ex\">\r\n<div>\r\n<p>From: RyanONeill1970</p>\r\n<div>\r\n<p>I agree. You've been hacking through this stuff and I think I've barely contributed anything.</p>\r\n<p>What would you like me to do?</p>\r\n</div>\r\n<div>\r\n<p>Read the <a href=\"http://exceldatareader.codeplex.com/discussions/429891#post988077\" target=\"_blank\">\r\nfull discussion online</a>.</p>\r\n<p>To add a post to this discussion, reply to this email (<a href=\"mailto:ExcelDataReader@discussions.codeplex.com?subject=[ExcelDataReader:429891]\" target=\"_blank\">ExcelDataReader@discussions.codeplex.com</a>)</p>\r\n<p>To start a new discussion for this project, email <a href=\"mailto:ExcelDataReader@discussions.codeplex.com\" target=\"_blank\">\r\nExcelDataReader@discussions.codeplex.com</a></p>\r\n<p>You are receiving this email because you subscribed to this discussion on CodePlex. You can\r\n<a href=\"https://exceldatareader.codeplex.com/subscriptions/thread/project/edit\" target=\"_blank\">\r\nunsubscribe or change your settings</a> on codePlex.com.</p>\r\n<p>Please note: Images and attachments will be removed from emails. Any posts to this discussion will also be available online at\r\n<a href=\"http://codeplex.com\" target=\"_blank\">codeplex.com</a></p>\r\n</div>\r\n</div>\r\n</blockquote>\r\n</div>\r\n<br>\r\n</div>\r\n</div>\r\n</div>\r\n</blockquote>\r\n</div>\r\n<br>\r\n</div>\r\n",
    "PostedDate": "2013-01-17T06:00:32.137-08:00",
    "UserRole": null,
    "MarkedAsAnswerDate": null
  }
]