[
  {
    "Id": "1103721",
    "ThreadId": "461193",
    "Html": "Are there any plans to add the capability to write back to excel?  If not is there a sister project to this for writing.<br />\n\r<br />\nwhat I need to do is read an excel sheet with formulas.  change values.  Write it back/OR convert to PDF.<br />\n\r<br />\nAny help is appreciated.  <br />\n",
    "PostedDate": "2013-10-04T09:47:49.23-07:00",
    "UserRole": null,
    "MarkedAsAnswerDate": null
  },
  {
    "Id": "1114960",
    "ThreadId": "461193",
    "Html": "There  are other libraries that do this I think, so no plans at the moment that I know of.<br />\n",
    "PostedDate": "2013-10-31T03:05:23.483-07:00",
    "UserRole": null,
    "MarkedAsAnswerDate": null
  }
]