[
  {
    "Id": "1066578",
    "ThreadId": "449568",
    "Html": "Hi ,\r<br />\n<br />\nI want to upload video in any format &amp; video will be converted to flv. It will be played in  any browser.My web application is in C# and ASP.NET. I can use jQuery &amp; ajax.\r<br />\n<br />\nPlease provide any sample code snippet ..&amp; video conversion tool info.\r<br />\n<br />\nI checked FFMpeg tool also. Could anyone provide any sample application\r<br />\n<br />\nThanks in advance\r<br />\n<br />\nRegards,\r<br />\nThyagaraj<br />\n",
    "PostedDate": "2013-07-10T06:53:15.993-07:00",
    "UserRole": null,
    "MarkedAsAnswerDate": null
  }
]