[
  {
    "Id": "582466",
    "ThreadId": "250213",
    "Html": "\r\n<p>Hi,</p>\r\n<p>Can anyone confirm whether this is working on 64bit window platform environment or not?</p>\r\n",
    "PostedDate": "2011-03-18T00:28:22.14-07:00",
    "UserRole": null,
    "MarkedAsAnswerDate": null
  },
  {
    "Id": "616869",
    "ThreadId": "250213",
    "Html": "<blockquote style=\"border: solid .1em #ccc; font-style: italic; margin: .25em 1em 0 1em; padding: 0 .25em 0 .25em;\"><strong>tinhtutnaing wrote:</strong><br />\r\n<p>Hi,</p>\r\n<p>Can anyone confirm whether this is working on 64bit window platform environment or not?</p>\r\n</blockquote>\r\n<p>same here...</p>",
    "PostedDate": "2011-05-23T10:12:31.49-07:00",
    "UserRole": null,
    "MarkedAsAnswerDate": null
  }
]