[
  {
    "Id": "951708",
    "ThreadId": "405669",
    "Html": "\r\n<p>Using&nbsp;Windows XP, RS2005 and Winform/C# I just downloaded the Excel Data reader v.2.0.1.0.&nbsp; Using the code I can read a .xls excel file just fine but I cannot get it to read a .xlsx file.</p>\r\n<p>I am&nbsp;getting an index out of range message.&nbsp; I created a excel file (2003) and saved it as a .xls and then again as .xlsx.</p>\r\n<p>System.ArgumentOutOfRangeException was unhandled<br>\r\n&nbsp; Message=&quot;Index was out of range. Must be non-negative and less than the size of the collection.\\r\\nParameter name: index&quot;<br>\r\n&nbsp; Source=&quot;mscorlib&quot;<br>\r\n&nbsp; ParamName=&quot;index&quot;<br>\r\n&nbsp; StackTrace:<br>\r\n&nbsp;&nbsp;&nbsp;&nbsp;&nbsp;&nbsp; at System.ThrowHelper.ThrowArgumentOutOfRangeException(ExceptionArgument argument, ExceptionResource resource)<br>\r\n&nbsp;&nbsp;&nbsp;&nbsp;&nbsp;&nbsp; at System.ThrowHelper.ThrowArgumentOutOfRangeException()<br>\r\n&nbsp;&nbsp;&nbsp;&nbsp;&nbsp;&nbsp; at System.Collections.Generic.List`1.get_Item(Int32 index)<br>\r\n&nbsp;&nbsp;&nbsp;&nbsp;&nbsp;&nbsp; at Excel.ExcelOpenXmlReader.InitializeSheetRead()<br>\r\n&nbsp;&nbsp;&nbsp;&nbsp;&nbsp;&nbsp; at Excel.ExcelOpenXmlReader.Read()<br>\r\n&nbsp;&nbsp;&nbsp;&nbsp;&nbsp;&nbsp; at Test.Form1.btnPopulate_Click(Object sender, EventArgs e) in C:\\Documents and Settings\\haberej\\My Documents\\Visual Studio 2005\\Projects_C\\Test\\Test\\Form1.cs:line 40<br>\r\n&nbsp;&nbsp;&nbsp;&nbsp;&nbsp;&nbsp; at System.Windows.Forms.Control.OnClick(EventArgs e)<br>\r\n&nbsp;&nbsp;&nbsp;&nbsp;&nbsp;&nbsp; at System.Windows.Forms.Button.OnClick(EventArgs e)<br>\r\n&nbsp;&nbsp;&nbsp;&nbsp;&nbsp;&nbsp; at System.Windows.Forms.Button.OnMouseUp(MouseEventArgs mevent)<br>\r\n&nbsp;&nbsp;&nbsp;&nbsp;&nbsp;&nbsp; at System.Windows.Forms.Control.WmMouseUp(Message&amp; m, MouseButtons button, Int32 clicks)<br>\r\n&nbsp;&nbsp;&nbsp;&nbsp;&nbsp;&nbsp; at System.Windows.Forms.Control.WndProc(Message&amp; m)<br>\r\n&nbsp;&nbsp;&nbsp;&nbsp;&nbsp;&nbsp; at System.Windows.Forms.ButtonBase.WndProc(Message&amp; m)<br>\r\n&nbsp;&nbsp;&nbsp;&nbsp;&nbsp;&nbsp; at System.Windows.Forms.Button.WndProc(Message&amp; m)<br>\r\n&nbsp;&nbsp;&nbsp;&nbsp;&nbsp;&nbsp; at System.Windows.Forms.Control.ControlNativeWindow.OnMessage(Message&amp; m)<br>\r\n&nbsp;&nbsp;&nbsp;&nbsp;&nbsp;&nbsp; at System.Windows.Forms.Control.ControlNativeWindow.WndProc(Message&amp; m)<br>\r\n&nbsp;&nbsp;&nbsp;&nbsp;&nbsp;&nbsp; at System.Windows.Forms.NativeWindow.DebuggableCallback(IntPtr hWnd, Int32 msg, IntPtr wparam, IntPtr lparam)<br>\r\n&nbsp;&nbsp;&nbsp;&nbsp;&nbsp;&nbsp; at System.Windows.Forms.UnsafeNativeMethods.DispatchMessageW(MSG&amp; msg)<br>\r\n&nbsp;&nbsp;&nbsp;&nbsp;&nbsp;&nbsp; at System.Windows.Forms.Application.ComponentManager.System.Windows.Forms.UnsafeNativeMethods.IMsoComponentManager.FPushMessageLoop(Int32 dwComponentID, Int32 reason, Int32 pvLoopData)<br>\r\n&nbsp;&nbsp;&nbsp;&nbsp;&nbsp;&nbsp; at System.Windows.Forms.Application.ThreadContext.RunMessageLoopInner(Int32 reason, ApplicationContext context)<br>\r\n&nbsp;&nbsp;&nbsp;&nbsp;&nbsp;&nbsp; at System.Windows.Forms.Application.ThreadContext.RunMessageLoop(Int32 reason, ApplicationContext context)<br>\r\n&nbsp;&nbsp;&nbsp;&nbsp;&nbsp;&nbsp; at System.Windows.Forms.Application.Run(Form mainForm)<br>\r\n&nbsp;&nbsp;&nbsp;&nbsp;&nbsp;&nbsp; at Test.Program.Main() in C:\\Documents and Settings\\haberej\\My Documents\\Visual Studio 2005\\Projects_C\\Test\\Test\\Program.cs:line 17<br>\r\n&nbsp;&nbsp;&nbsp;&nbsp;&nbsp;&nbsp; at System.AppDomain._nExecuteAssembly(Assembly assembly, String[] args)<br>\r\n&nbsp;&nbsp;&nbsp;&nbsp;&nbsp;&nbsp; at System.AppDomain.ExecuteAssembly(String assemblyFile, Evidence assemblySecurity, String[] args)<br>\r\n&nbsp;&nbsp;&nbsp;&nbsp;&nbsp;&nbsp; at Microsoft.VisualStudio.HostingProcess.HostProc.RunUsersAssembly()<br>\r\n&nbsp;&nbsp;&nbsp;&nbsp;&nbsp;&nbsp; at System.Threading.ThreadHelper.ThreadStart_Context(Object state)<br>\r\n&nbsp;&nbsp;&nbsp;&nbsp;&nbsp;&nbsp; at System.Threading.ExecutionContext.Run(ExecutionContext executionContext, ContextCallback callback, Object state)<br>\r\n&nbsp;&nbsp;&nbsp;&nbsp;&nbsp;&nbsp; at System.Threading.ThreadHelper.ThreadStart()</p>\r\n<p>&nbsp;</p>\r\n<p>Will this work with Excel 2010 (Win-7) as XP CPU are slowly being replaced with these</p>\r\n<p>&nbsp;</p>\r\n",
    "PostedDate": "2012-12-05T07:04:07.02-08:00",
    "UserRole": null,
    "MarkedAsAnswerDate": null
  },
  {
    "Id": "955153",
    "ThreadId": "405669",
    "Html": "\r\n<p>Are you able to supply and example xlsx where this happens?</p>\r\n",
    "PostedDate": "2012-12-12T08:11:28.74-08:00",
    "UserRole": null,
    "MarkedAsAnswerDate": null
  }
]