[
  {
    "Id": "444202",
    "ThreadId": "212993",
    "Html": "Hello,\r\n\r\nIs it also possible to save data to a Excel file with this library?\r\n\r\nThank You,\r\nMiguel",
    "PostedDate": "2010-05-18T02:17:53.783-07:00",
    "UserRole": null,
    "MarkedAsAnswerDate": null
  },
  {
    "Id": "463218",
    "ThreadId": "212993",
    "Html": "hi miguel. what a question? the thing is called READER... :)",
    "PostedDate": "2010-07-04T05:09:55.733-07:00",
    "UserRole": null,
    "MarkedAsAnswerDate": null
  }
]