[
  {
    "Id": "1025769",
    "ThreadId": "439174",
    "Html": "Hi there,\r<br />\n<br />\nFirst, I'd like to say thanks for a great plugin.  I have an issue however - the plugin doesn't like the Excel files that are generated by reporting services.  If I open the file in Excel and re-save it, then it works fine.\r<br />\n<br />\nThe problem has already been reported here:\r<br />\n<br />\n<a href=\"https://exceldatareader.codeplex.com/discussions/280390\" rel=\"nofollow\">https://exceldatareader.codeplex.com/discussions/280390</a>\r<br />\n<br />\n... however the person reporting it no longer required a fix, and the last post by Ian was that he needs a sample file to investigate this.\r<br />\n<br />\nI've uploaded a sample excel file here:\r<br />\n<br />\n<a href=\"http://www.appointmentsms.com/test.xls\" rel=\"nofollow\">http://www.appointmentsms.com/test.xls</a>\r<br />\n<br />\nIt opens up fine in Excel, however if you read it with ExcelDataReader you will see that the last character in each cell is chopped off.  Then, if you open it in excel and re-save it, it works fine.\r<br />\n<br />\nIf you could take a look at this and fix or advise on a work around I would be very grateful :)\r<br />\n<br />\nCheers,\r<br />\nMichael<br />\n",
    "PostedDate": "2013-04-04T18:14:20.983-07:00",
    "UserRole": null,
    "MarkedAsAnswerDate": null
  },
  {
    "Id": "1025919",
    "ThreadId": "439174",
    "Html": "Have you tried the latest source from the repo? Changeset 82970 has a SSRS related fix in it.<br />\n",
    "PostedDate": "2013-04-05T01:32:34.43-07:00",
    "UserRole": null,
    "MarkedAsAnswerDate": null
  },
  {
    "Id": "1027655",
    "ThreadId": "439174",
    "Html": "Ahh yep, that fixed it :) I was using the binary's from the home page.\r<br />\n<br />\nThanks Ian<br />\n",
    "PostedDate": "2013-04-08T22:19:18.097-07:00",
    "UserRole": null,
    "MarkedAsAnswerDate": null
  }
]