[
  {
    "Id": "1118692",
    "ThreadId": "466213",
    "Html": "Hi\r<br />\n<br />\n I have multiple sheets in an Excel file how to read it into a dataset. I tried using excel data reader but could not Please give me solution<br />\n",
    "PostedDate": "2013-11-05T21:07:10.953-08:00",
    "UserRole": null,
    "MarkedAsAnswerDate": null
  },
  {
    "Id": "1118887",
    "ThreadId": "466213",
    "Html": "Take a look here:\r<br />\n<a href=\"http://exceldatareader.codeplex.com/\" rel=\"nofollow\">http://exceldatareader.codeplex.com/</a><br />\n",
    "PostedDate": "2013-11-06T06:50:00.007-08:00",
    "UserRole": null,
    "MarkedAsAnswerDate": null
  }
]