[
  {
    "Id": "1224716",
    "ThreadId": "539575",
    "Html": "I have a .xlsx file where only some of the columns in row 1 has names. The columns with no name is automatically named 'Column?' (This is both Caption and ColumnName).\r<br />\nI have previously used Excel by opening as a database via oledb and where these columns were automatically named 'F?'. No I have a backward compatibility problem because of this.\r<br />\nThis is giving me problems as I do not feel I can just rename Column? to F? because I cannot seem to differentiate between a column actually named Column2 and one which was internally named Column2 because no name is specified in the spreadsheet.\r<br />\n<br />\nSo basically I have two questions;<br />\n<ol>\n<li>Is is possible to change the default behavior of this auto naming of columns with no name? Basically exchange 'Column' with 'F'</li>\n<li>\nOr is possible to tell if column didn't actually have a name (was blank). Then I can write the logic myself.<br />\n</li>\n</ol>\nThanks in advance :)<br />\n",
    "PostedDate": "2014-03-20T03:09:36.667-07:00",
    "UserRole": null,
    "MarkedAsAnswerDate": null
  },
  {
    "Id": "1228476",
    "ThreadId": "539575",
    "Html": "Ok, after reading the documentation I created a patch with the id; 16126. Hopefully it will accepted as my issue is now resolved by it.<br />\n",
    "PostedDate": "2014-03-31T00:42:13.723-07:00",
    "UserRole": null,
    "MarkedAsAnswerDate": "2014-03-31T00:42:22.427-07:00"
  },
  {
    "Id": "1228539",
    "ThreadId": "539575",
    "Html": "Thanks for that!<br />\n",
    "PostedDate": "2014-03-31T03:41:13.727-07:00",
    "UserRole": null,
    "MarkedAsAnswerDate": null
  },
  {
    "Id": "1228540",
    "ThreadId": "539575",
    "Html": "This discussion has been copied to a work item. Click <a href=\"https://exceldatareader.codeplex.com/workitem/12857\" rel=\"nofollow\">here</a> to go to the work item and continue the discussion.<br />\n",
    "PostedDate": "2014-03-31T03:42:45.173-07:00",
    "UserRole": null,
    "MarkedAsAnswerDate": null
  }
]