[
  {
    "Id": "1228272",
    "ThreadId": "540604",
    "Html": "I have an excel sheet that contain images and I want to import. I am using Excel data reader. How can I implement that using C# ?<br />\n",
    "PostedDate": "2014-03-29T23:58:02.283-07:00",
    "UserRole": null,
    "MarkedAsAnswerDate": null
  },
  {
    "Id": "1229858",
    "ThreadId": "540604",
    "Html": "\r\n<p dir=\"ltr\">I don't think that is supported but you might be able extend the code if you get the source.\r\n</p>\r\n<div></div>\r\n",
    "PostedDate": "2014-04-03T05:34:54.2-07:00",
    "UserRole": null,
    "MarkedAsAnswerDate": null
  }
]