[
  {
    "Id": "1336951",
    "ThreadId": "576185",
    "Html": "I am using this tool to read Excel file for one of my requirements. In the beginning when we decided to yous this Tool (<a href=\"https://exceldatareader.codeplex.com\" rel=\"nofollow\">https://exceldatareader.codeplex.com</a>) <br />\n<br />\nWe really didn't face any issues to use it. But later I come-up with a new requirements like:<br />\n<ol>\n<li>we need to pass the file stream to one of these method :</li>\n</ol>\n<pre><code>   // .xlsx\n    IExcelDataReader reader = ExcelReaderFactory.CreateOpenXmlReader(file.InputStream);\nor\n    // .xls\n    IExcelDataReader reader = ExcelReaderFactory.CreateBinaryReader(file.InputStream); </code></pre>\n\nby this way we are getting loaded with all the Sheets available in Excel file at once.<br />\n<br />\n<strong>Query 1:</strong> <strong>The issues I had with the exceldatareader is that it reads all the worksheets.</strong> <br />\n Do we have any out to specify any specific sheet name or Index (lets say first sheet from excel file when excel is holding more then one sheets), we need to load only given sheet to Data-set with single table holding data for one sheet.<br />\n<br />\n<strong>Query 2:</strong> <strong>If the work sheet does not start with A1, the data table doesn’t look right as follows.</strong><br />\nDo we have any option to specify the origin point in the sheet to read any predefined row/column definition.<br />\n<br />\nfor example : There is a table in the sheet which starts from D:10 to K:10<br />\n<br />\nsomething like this: overloaded method we may create <br />\n<pre><code>// .xlsx \nIExcelDataReader reader = ExcelReaderFactory.CreateOpenXmlReader(file.InputStream, &quot;Sheet Name&quot; or &quot;Index of Sheet&quot;, &quot;originpoint ex:(D:10 , K:10)&quot; );\nor\n // .xls\nIExcelDataReader reader = ExcelReaderFactory.CreateBinaryReader(file.InputStream, &quot;Sheet Name&quot; or &quot;Index of Sheet&quot;, &quot;originpoint ex:(D:10 , K:10)&quot; ); </code></pre>\n\nPlease Suggest, Thanks :)<br />\n<br />\nRegards<br />\nRahul<br />\n",
    "PostedDate": "2014-12-24T01:15:08.637-08:00",
    "UserRole": null,
    "MarkedAsAnswerDate": null
  }
]