[
  {
    "Id": "662593",
    "ThreadId": "270198",
    "Html": "\r\n<p>Any chance of somebody putting together a new download incorporating the latest patches? I really like the library but reading XLSX is not good in the latest download (2009?)</p>\r\n<p>&nbsp;</p>\r\n<p>Thanks</p>\r\n",
    "PostedDate": "2011-08-24T03:26:43.54-07:00",
    "UserRole": null,
    "MarkedAsAnswerDate": null
  },
  {
    "Id": "669186",
    "ThreadId": "270198",
    "Html": "<p>Same here! I use the library, like it, but sometimes a bug appear...</p>",
    "PostedDate": "2011-09-08T09:20:53.083-07:00",
    "UserRole": null,
    "MarkedAsAnswerDate": null
  }
]