[
  {
    "Id": "810668",
    "ThreadId": "348691",
    "Html": "\r\n<p>Hi ,&nbsp;</p>\r\n<p>I would like to know if the component supports reading attributes of cells in the original excel document such as the color or about fixed headers and such..</p>\r\n<p>Thanks.</p>\r\n",
    "PostedDate": "2012-03-15T00:03:19.61-07:00",
    "UserRole": null,
    "MarkedAsAnswerDate": null
  },
  {
    "Id": "1205694",
    "ThreadId": "348691",
    "Html": "+1<br />\n",
    "PostedDate": "2014-02-09T07:05:13.387-08:00",
    "UserRole": null,
    "MarkedAsAnswerDate": null
  }
]