[
  {
    "Id": "490666",
    "ThreadId": "226464",
    "Html": "<p>The sheet names are incorrect in the Silverlight Excel Reader, change the following line in the SheetName method found in ExcelDataReader.Silverlight.Core.BinaryFormat.XlsBiffBoundSheet class</p>\r\n<p><span style=\"font-family:Consolas;color:#0000ff;font-size:x-small\"><span style=\"font-family:Consolas;color:#0000ff;font-size:x-small\"><span style=\"font-family:Consolas;color:#0000ff;font-size:x-small\"><span style=\"font-family:Consolas;color:#0000ff;font-size:x-small\"><span style=\"font-family:Consolas;color:#0000ff;font-size:x-small\"><span style=\"font-family:Consolas;color:#0000ff;font-size:x-small\"><span style=\"font-family:Consolas;color:#0000ff;font-size:x-small\"><span style=\"font-family:Consolas;color:#0000ff;font-size:x-small\">\r\n<p><span style=\"font-family:Consolas;color:#0000ff;font-size:x-small\"><span style=\"font-family:Consolas;color:#0000ff;font-size:x-small\"><span style=\"font-family:Consolas;color:#0000ff;font-size:x-small\"><span style=\"font-family:Consolas;color:#0000ff;font-size:x-small\"><span style=\"font-family:Consolas;color:#0000ff;font-size:x-small\"><span style=\"font-family:Consolas;color:#0000ff;font-size:x-small\"><span style=\"font-family:Consolas;color:#0000ff;font-size:x-small\"><span style=\"font-family:Consolas;color:#0000ff;font-size:x-small\"><span style=\"font-family:Consolas;color:#0000ff;font-size:x-small\"><span style=\"font-family:Consolas;color:#0000ff;font-size:x-small\"><span style=\"font-family:Consolas;color:#0000ff;font-size:x-small\"><span style=\"font-family:Consolas;color:#0000ff;font-size:x-small\"><span style=\"font-family:Consolas;color:#0000ff;font-size:x-small\"><span style=\"font-family:Consolas;color:#0000ff;font-size:x-small\"><span style=\"font-family:Consolas;color:#0000ff;font-size:x-small\"><span style=\"font-family:Consolas;color:#0000ff;font-size:x-small\"><span style=\"font-family:Consolas;color:#0000ff;font-size:x-small\"><span style=\"font-family:Consolas;color:#0000ff;font-size:x-small\"><span style=\"font-family:Consolas;color:#0000ff;font-size:x-small\"><span style=\"font-family:Consolas;color:#0000ff;font-size:x-small\"><span style=\"font-family:Consolas;color:#0000ff;font-size:x-small\"><span style=\"font-family:Consolas;color:#0000ff;font-size:x-small\"><span style=\"font-family:Consolas;color:#0000ff;font-size:x-small\"><span style=\"font-family:Consolas;color:#0000ff;font-size:x-small\"><span style=\"font-family:Consolas;font-size:x-small\">return Encoding.Unicode.GetString(m_bytes, m_readoffset + start, len);</span></span></span></span></span></span></span></span></span></span></span></span></span></span></span></span></span></span></span></span></span></span></span></span></span></p>\r\n<span style=\"font-family:Consolas;color:#0000ff;font-size:x-small\"><span style=\"font-family:Consolas;color:#0000ff;font-size:x-small\"><span style=\"font-family:Consolas;color:#0000ff;font-size:x-small\"><span style=\"font-family:Consolas;color:#0000ff;font-size:x-small\"><span style=\"font-family:Consolas;color:#0000ff;font-size:x-small\"><span style=\"font-family:Consolas;color:#0000ff;font-size:x-small\"><span style=\"font-family:Consolas;color:#0000ff;font-size:x-small\"><span style=\"font-family:Consolas;color:#0000ff;font-size:x-small\"><span style=\"font-family:Consolas;color:#0000ff;font-size:x-small\"><span style=\"font-family:Consolas;color:#0000ff;font-size:x-small\"><span style=\"font-family:Consolas;color:#0000ff;font-size:x-small\"><span style=\"font-family:Consolas;color:#0000ff;font-size:x-small\"><span style=\"font-family:Consolas;color:#0000ff;font-size:x-small\"><span style=\"font-family:Consolas;color:#0000ff;font-size:x-small\"><span style=\"font-family:Consolas;color:#0000ff;font-size:x-small\"><span style=\"font-family:Consolas;color:#0000ff;font-size:x-small\"><span style=\"font-family:Consolas;color:#0000ff;font-size:x-small\"><span style=\"font-family:Consolas;color:#0000ff;font-size:x-small\"><span style=\"font-family:Consolas;color:#0000ff;font-size:x-small\"><span style=\"font-family:Consolas;color:#0000ff;font-size:x-small\"><span style=\"font-family:Consolas;color:#0000ff;font-size:x-small\"><span style=\"font-family:Consolas;color:#0000ff;font-size:x-small\"><span style=\"font-family:Consolas;color:#0000ff;font-size:x-small\"><font face=Consolas size=2 color=\"#0000ff\">\r\n<p>\r\n<p><span style=\"font-family:Consolas;color:#0000ff;font-size:x-small\"><span style=\"font-family:Consolas;color:#0000ff;font-size:x-small\"><span style=\"font-family:Consolas;color:#0000ff;font-size:x-small\"><span style=\"font-family:Consolas;color:#0000ff;font-size:x-small\"><span style=\"font-family:Consolas;color:#0000ff;font-size:x-small\"><span style=\"font-family:Consolas;color:#0000ff;font-size:x-small\"><span style=\"font-family:Consolas;color:#0000ff;font-size:x-small\"><span style=\"font-family:Consolas;color:#0000ff;font-size:x-small\"><span style=\"font-family:Consolas;font-size:x-small\">&nbsp;</span></span></span></span></span></span></span></span></span></p>\r\n<ol></ol></p>\r\n</font></span></span></span></span></span></span></span></span></span></span></span></span></span></span></span></span></span></span></span></span></span></span></span></span></span></span></span></span></span></span></span></p>\r\n<p><span style=\"font-family:Consolas;font-size:x-small\">to </span></p>\r\n<p><span style=\"font-family:Consolas;font-size:x-small\">return Encoding.UTF*.GetString(m_bytes, m_readoffset + start, len);</span></p>",
    "PostedDate": "2010-09-08T07:05:04.24-07:00",
    "UserRole": null,
    "MarkedAsAnswerDate": null
  }
]