[
  {
    "Id": "1204223",
    "ThreadId": "529637",
    "Html": "Hi,\r<br />\n<br />\nI am using ExcelDataReader nuget. It works pretty fine. But causes a problem if i have the first column displaying data such as '####'. This is because the column size is shrink-ed. If i resize it or double click the row reader and save that excel file, it reads the data properly.\r<br />\n<br />\nPlease help me out as I don't want to use any Interop libraries.\r<br />\n<br />\nAppreciating your time and response.<br />\n",
    "PostedDate": "2014-02-07T04:33:56.75-08:00",
    "UserRole": null,
    "MarkedAsAnswerDate": null
  },
  {
    "Id": "1204410",
    "ThreadId": "529637",
    "Html": "\r\n<div dir=\"ltr\">That sounds a bit strange because as far as I know displaying ### is just a ui thing and is not actually reflected in the data value. I tried it myself with a spreadsheet and it worked ok.\r\n<div><br>\r\n</div>\r\n<div>Are you able to provide an example file?</div>\r\n</div>\r\n<div><br>\r\n<br>\r\n<div></div>\r\n</div>\r\n",
    "PostedDate": "2014-02-07T08:40:56.083-08:00",
    "UserRole": null,
    "MarkedAsAnswerDate": null
  },
  {
    "Id": "1206763",
    "ThreadId": "529637",
    "Html": "Hi,\r<br />\n<br />\nI was mistaken. It does reads the data when present in ### format. \r<br />\nI am attaching an Excel sheet. Without editing or saving , try reading the file. ExcelDataReader will return no data.\r<br />\nNow just open the file and save it..ExcelDataReader works absolutely fine without any issues.\r<br />\nI know this seems to be a lot more weird but i am unable to find the reason for this issue.\r<br />\n<br />\nThank you for your time.\r<br />\n<br />\n<br />\nP.S How do I upload an excel file for this tread on Codeplex?<br />\n",
    "PostedDate": "2014-02-11T04:33:18.623-08:00",
    "UserRole": null,
    "MarkedAsAnswerDate": null
  }
]