[
  {
    "Id": "600945",
    "ThreadId": "254803",
    "Html": "\r\n<p>There was a bug in ExcelBinaryReader: when read file as DataSet DateTime cells often read incorrectly.</p>\r\n<p><span id=\"x_result_box\" lang=\"en\"><span title=\"Наж&#1084;ите, чтобы увидеть альтернативный перевод\">I</span>\r\n<span title=\"Наж&#1084;ите, чтобы увидеть альтернативный перевод\">figured out</span> <span title=\"Наж&#1084;ите, чтобы увидеть альтернативный перевод\">\r\nthe excel file format</span> <span title=\"Наж&#1084;ите, чтобы увидеть альтернативный перевод\">\r\nand</span> <span title=\"Наж&#1084;ите, чтобы увидеть альтернативный перевод\">fixed</span> DateTime\r\n<span title=\"Наж&#1084;ите, чтобы увидеть альтернативный перевод\">format detection</span>&nbsp;<span title=\"Наж&#1084;ите, чтобы увидеть альтернативный перевод\">for</span>\r\n<span title=\"Наж&#1084;ите, чтобы увидеть альтернативный перевод\">NUMBER_OLD, RK, MUL_RK and\r\n</span></span>FORMULA* cell types, <span id=\"x_result_box\" lang=\"en\"><span title=\"Наж&#1084;ите, чтобы увидеть альтернативный перевод\">which</span>\r\n<span title=\"Наж&#1084;ите, чтобы увидеть альтернативный перевод\">may</span> <span title=\"Наж&#1084;ите, чтобы увидеть альтернативный перевод\">\r\ncontain the date</span></span>.</p>\r\n<p><span id=\"x_result_box\" lang=\"en\"><span title=\"Наж&#1084;ите, чтобы увидеть альтернативный перевод\">I would be</span>\r\n<span title=\"Наж&#1084;ите, чтобы увидеть альтернативный перевод\">glad</span> <span title=\"Наж&#1084;ите, чтобы увидеть альтернативный перевод\">\r\nif you could</span> <span title=\"Наж&#1084;ите, чтобы увидеть альтернативный перевод\">review and test</span>\r\n<span title=\"Наж&#1084;ите, чтобы увидеть альтернативный перевод\">my</span> <span title=\"Наж&#1084;ите, чтобы увидеть альтернативный перевод\">\r\npatch.</span></span></p>\r\n<p><span id=\"x_result_box\" lang=\"en\"><span title=\"Наж&#1084;ите, чтобы увидеть альтернативный перевод\">Please, comment</span>\r\n<span title=\"Наж&#1084;ите, чтобы увидеть альтернативный перевод\">if</span> i <span title=\"Наж&#1084;ите, чтобы увидеть альтернативный перевод\">\r\ndid</span> <span title=\"Наж&#1084;ите, чтобы увидеть альтернативный перевод\">something</span>\r\n<span title=\"Наж&#1084;ите, чтобы увидеть альтернативный перевод\">wrong</span><span title=\"Наж&#1084;ите, чтобы увидеть альтернативный перевод\">,</span>\r\n<span title=\"Наж&#1084;ите, чтобы увидеть альтернативный перевод\">this is my</span> <span title=\"Наж&#1084;ите, чтобы увидеть альтернативный перевод\">\r\nfirst participation in</span> <span title=\"Наж&#1084;ите, чтобы увидеть альтернативный перевод\">\r\nopen source</span><span title=\"Наж&#1084;ите, чтобы увидеть альтернативный перевод\">.</span></span></p>\r\n",
    "PostedDate": "2011-04-21T06:06:49.25-07:00",
    "UserRole": null,
    "MarkedAsAnswerDate": null
  },
  {
    "Id": "602628",
    "ThreadId": "254803",
    "Html": "<p>Dear Ruddenko,</p>\n<p>Before anythink else: thanks for your time!</p>\n<p>I'm JP Negri, the negrijp from the developers list.</p>\n<p>I downloaded and applied your patch to my local copy to revise. It all worked fine, excepet a unit test on <span style=\"color: #2b91af;\">ExcelBinaryReaderTest.</span>Test_num_double_date_bool_string() line 353. The retrieved value misses the time part, as expected in the test.</p>\n<p>Is realy the intention retrieve only what is displayed on screen (in my case \"2009-05-07\") or the underlying value (2009-06-07 11:01:02)? If the answer is the first, the we must change the unitary test to reflect that.</p>\n<p>It&acute;s my personal view and usage that the library should not try to convert numbers to dates, as Excel itself does not have an internal representation for dates, and trying this based on formating is trick. But, as this is an Open Source project, we must listem to the peoples choice, and just deliver.</p>\n<p>What is your opinion? Anyone want to talk about this?</p>\n<p>I will hold on a few days before changing the unity test and uploading a new revision to the trunk.</p>\n<p>My best regards,</p>\n<p>JP Negri</p>",
    "PostedDate": "2011-04-25T15:44:17.107-07:00",
    "UserRole": null,
    "MarkedAsAnswerDate": null
  },
  {
    "Id": "603263",
    "ThreadId": "254803",
    "Html": "<p>I also uploaded a patch for this and other type conversion issues (preserve data types patch). &nbsp;My feeling is that the internal representation of dates is irrelevant. &nbsp;Functionally, excel does have the concept of a date, boolean, etc. &nbsp;If you look at alternatives, such as the microsoft ado driver as well as other commercial products, these datatypes are not lost. &nbsp;I imagine that for most functional purposes, maintaining datatypes would be desirable. &nbsp;With regard to the AsDataSet method, it can specify to convert OA dates, yet it doesn't always do so. &nbsp;Perhaps this could be configurable for all datatypes??</p>",
    "PostedDate": "2011-04-26T17:04:09.15-07:00",
    "UserRole": null,
    "MarkedAsAnswerDate": null
  },
  {
    "Id": "603479",
    "ThreadId": "254803",
    "Html": "<p>Hello, JP Negri!</p>\r\n<p><span id=\"result_box\" lang=\"en\"><span class=\"hps\" title=\"Нажмите, чтобы увидеть альтернативный перевод\">I consider</span> <span class=\"hps\" title=\"Нажмите, чтобы увидеть альтернативный перевод\">that</span> <span class=\"hps\" title=\"Нажмите, чтобы увидеть альтернативный перевод\">we have to convert OA</span> <span class=\"hps\" title=\"Нажмите, чтобы увидеть альтернативный перевод\">date</span> <span class=\"hps\" title=\"Нажмите, чтобы увидеть альтернативный перевод\">from it binary representation (number), </span> <span class=\"hps\" title=\"Нажмите, чтобы увидеть альтернативный перевод\">if the</span> <span class=\"hps\" title=\"Нажмите, чтобы увидеть альтернативный перевод\">corresponding</span> <span class=\"hps\" title=\"Нажмите, чтобы увидеть альтернативный перевод\">cell</span> format <span class=\"hps\" title=\"Нажмите, чтобы увидеть альтернативный перевод\">indicated</span> <span class=\"hps\" title=\"Нажмите, чтобы увидеть альтернативный перевод\">that this</span> is <span class=\"hps\" title=\"Нажмите, чтобы увидеть альтернативный перевод\">date. But if anyone need - it can be customisable to turn off this convertion.<br /></span></span></p>\r\n<p><span id=\"result_box\" lang=\"en\"><span class=\"hps\" title=\"Нажмите, чтобы увидеть альтернативный перевод\">About the fact</span> <span class=\"hps\" title=\"Нажмите, чтобы увидеть альтернативный перевод\">that</span> <span class=\"hps\" title=\"Нажмите, чтобы увидеть альтернативный перевод\">we rely</span> <span class=\"hps\" title=\"Нажмите, чтобы увидеть альтернативный перевод\">on the</span> <span class=\"hps\" title=\"Нажмите, чтобы увидеть альтернативный перевод\">cell type</span> <span class=\"hps\" title=\"Нажмите, чтобы увидеть альтернативный перевод\">to determine</span> <span class=\"hps\" title=\"Нажмите, чтобы увидеть альтернативный перевод\">that</span> <span class=\"hps\" title=\"Нажмите, чтобы увидеть альтернативный перевод\">it</span> <span class=\"hps\" title=\"Нажмите, чтобы увидеть альтернативный перевод\">stores</span> <span class=\"hps\" title=\"Нажмите, чтобы увидеть альтернативный перевод\">the date</span> <span class=\"hps\" title=\"Нажмите, чтобы увидеть альтернативный перевод\">-</span> <span class=\"hps\" title=\"Нажмите, чтобы увидеть альтернативный перевод\">it's</span> <span class=\"hps\" title=\"Нажмите, чтобы увидеть альтернативный перевод\">not</span> <span class=\"hps\" title=\"Нажмите, чтобы увидеть альтернативный перевод\">a trick</span> <span class=\"hps\" title=\"Нажмите, чтобы увидеть альтернативный перевод\">it</span> </span><span id=\"result_box\" lang=\"en\"><span class=\"hps\" title=\"Нажмите, чтобы увидеть альтернативный перевод\">corresponds with</span> <span class=\"hps\" title=\"Нажмите, чтобы увидеть альтернативный перевод\">specification.</span></span></p>\r\n<p>No need to changing unit test, because it have to read <span id=\"result_box\" class=\"short_text\" lang=\"en\"><span class=\"hps\" title=\"Нажмите, чтобы увидеть альтернативный перевод\">entire</span></span> date with time part as it written to cell F1 ([0,5]) in test file (I see that as \"07.05.2009&nbsp; 11:01:02\"). On my computer, test work correctly, perhaps it can be caused by Culture settings. I think it would be better if I retest it with your System Culture and maybe fix, before you uploading to trunk.&nbsp;</p>\r\n<p><span id=\"result_box\" class=\"short_text\" lang=\"en\"><span class=\"hps\" title=\"Нажмите, чтобы увидеть альтернативный перевод\">What</span> <span class=\"hps\" title=\"Нажмите, чтобы увидеть альтернативный перевод\">Culture</span> <span class=\"hps\" title=\"Нажмите, чтобы увидеть альтернативный перевод\">you use in your system?</span></span></p>\r\n<p><span class=\"short_text\" lang=\"en\"><span class=\"hps\" title=\"Нажмите, чтобы увидеть альтернативный перевод\">Your sincerely, Andrey.</span></span></p>",
    "PostedDate": "2011-04-27T03:50:49.697-07:00",
    "UserRole": null,
    "MarkedAsAnswerDate": null
  }
]