[
  {
    "Id": "238479",
    "ThreadId": "70025",
    "Html": "<p>Hello</p>\r\n<p>great library,</p>\r\n<p>I am reading an xslx file (xml)</p>\r\n<p><span style=\"color:#0000ff;font-size:x-small\"><span style=\"color:#0000ff;font-size:x-small\">While&nbsp;</span></span><span style=\"font-size:x-small\">excelReader.Read()</span><span style=\"font-size:x-small\">&nbsp;&lt;font size=&quot;2&quot;&gt;\r\n<p>&nbsp;</p>\r\n&lt;/font&gt;</span></p>\r\n<p><span style=\"color:#0000ff;font-size:x-small\"><span style=\"color:#0000ff;font-size:x-small\">Dim</span></span><span style=\"font-size:x-small\"> colcount </span><span style=\"color:#0000ff;font-size:x-small\"><span style=\"color:#0000ff;font-size:x-small\">As</span></span><span style=\"font-size:x-small\"> Int32 = excelReader.FieldCount</span></p>\r\n<p><span style=\"color:#0000ff;font-size:x-small\"><span style=\"color:#0000ff;font-size:x-small\">For</span></span><span style=\"font-size:x-small\"> cnt = 0 </span><span style=\"color:#0000ff;font-size:x-small\"><span style=\"color:#0000ff;font-size:x-small\">To</span></span><span style=\"font-size:x-small\"> colcount - 1</span></p>\r\n<p><span style=\"color:#0000ff;font-size:x-small\"><span style=\"color:#0000ff;font-size:x-small\">Dim</span></span><span style=\"font-size:x-small\"> thisType </span><span style=\"color:#0000ff;font-size:x-small\"><span style=\"color:#0000ff;font-size:x-small\">As</span></span><span style=\"font-size:x-small\"> Type = excelReader.GetFieldType(cnt)</span></p>\r\n<p><span style=\"color:#0000ff;font-size:x-small\"><span style=\"color:#0000ff;font-size:x-small\">Dim</span></span><span style=\"font-size:x-small\"> colvalue </span><span style=\"color:#0000ff;font-size:x-small\"><span style=\"color:#0000ff;font-size:x-small\">As</span></span><span style=\"font-size:x-small\"> </span><span style=\"color:#0000ff;font-size:x-small\"><span style=\"color:#0000ff;font-size:x-small\">Object</span></span><span style=\"font-size:x-small\"> = excelReader.GetValue(cnt)</span><span style=\"font-size:x-small\">&nbsp;&lt;font size=&quot;2&quot;&gt;\r\n<p>&nbsp;</p>\r\n&lt;/font&gt;</span></p>\r\n<p><span style=\"color:#0000ff;font-size:x-small\"><span style=\"color:#0000ff;font-size:x-small\">Next</span></span><span style=\"font-size:x-small\"> cnt</span></p>\r\n<p><span style=\"color:#0000ff;font-size:x-small\"><span style=\"color:#0000ff;font-size:x-small\">End</span></span><span style=\"font-size:x-small\"> </span><span style=\"color:#0000ff;font-size:x-small\"><span style=\"color:#0000ff;font-size:x-small\">While</span></span></p>\r\n<p>&nbsp;</p>\r\n<p><span style=\"color:#0000ff\">but I get Specified method is not supported.&quot;}&nbsp;System.Exception</span></p>\r\n<p><span style=\"color:#0000ff\">whenever I use methods such as GetFieldType etc</span></p>\r\n<p><span style=\"color:#0000ff\">What am I doing wrong?</span></p>\r\n<p><span style=\"color:#0000ff\">I want to determince the type of each cell to get over the mutiple datatypes in a column.</span></p>\r\n<p><span style=\"color:#0000ff\">Thanks</span></p>\r\n<p><span style=\"color:#0000ff\">P</span></p>\r\n<p>&nbsp;</p>",
    "PostedDate": "2009-09-24T13:07:00.19-07:00",
    "UserRole": null,
    "MarkedAsAnswerDate": null
  }
]