{
  "WorkItem": {
    "AffectedComponent": {
      "Name": "",
      "DisplayName": ""
    },
    "ClosedComment": "Resolved in the last release version.",
    "ClosedDate": "2009-08-24T14:12:44.55-07:00",
    "CommentCount": 0,
    "Custom": null,
    "Description": "Calling Dispose() without first calling AsDataSet() throws a NullReferenceException.",
    "LastUpdatedDate": "2013-05-16T05:00:03.4-07:00",
    "PlannedForRelease": "",
    "ReleaseVisibleToPublic": false,
    "Priority": {
      "Name": "Low",
      "Severity": 50,
      "Id": 1
    },
    "ProjectName": "ExcelDataReader",
    "ReportedDate": "2009-06-29T10:31:52.42-07:00",
    "Status": {
      "Name": "Closed",
      "Id": 4
    },
    "ReasonClosed": {
      "Name": "Unassigned"
    },
    "Summary": "Dispose() throws exceptions",
    "Type": {
      "Name": "Issue",
      "Id": 3
    },
    "VoteCount": 1,
    "Id": 3373
  },
  "FileAttachments": [],
  "Comments": []
}