{
  "WorkItem": {
    "AffectedComponent": {
      "Name": "",
      "DisplayName": ""
    },
    "ClosedComment": "",
    "ClosedDate": null,
    "CommentCount": 0,
    "Custom": null,
    "Description": "Hi.\n \nIt seems there's an issue when reading Excel 97-2003 files that contain hidden sheets; they're not added to the DataSet. However, in Excel 2007 files they're added correctly.\n \nThanks.",
    "LastUpdatedDate": "2013-02-21T17:47:40.8-08:00",
    "PlannedForRelease": "",
    "ReleaseVisibleToPublic": false,
    "Priority": {
      "Name": "Low",
      "Severity": 50,
      "Id": 1
    },
    "ProjectName": "ExcelDataReader",
    "ReportedDate": "2011-03-23T13:11:50.827-07:00",
    "Status": {
      "Name": "Proposed",
      "Id": 1
    },
    "ReasonClosed": {
      "Name": "Unassigned"
    },
    "Summary": "Hidden Sheets",
    "Type": {
      "Name": "Issue",
      "Id": 3
    },
    "VoteCount": 1,
    "Id": 8559
  },
  "FileAttachments": [],
  "Comments": []
}