{
  "WorkItem": {
    "AffectedComponent": {
      "Name": "",
      "DisplayName": ""
    },
    "ClosedComment": "",
    "ClosedDate": null,
    "CommentCount": 0,
    "Custom": null,
    "Description": "I'm having trouble using GetValue on some xls files. The attached file is one example. GetValue returns an empty string for virtually all text fields (including A1). Looking at the DataTable generated through AsDataSet also has the fields empty when they do in fact have text.",
    "LastUpdatedDate": "2017-11-27T20:47:32.257-08:00",
    "PlannedForRelease": "",
    "ReleaseVisibleToPublic": false,
    "Priority": {
      "Name": "Unassigned",
      "Severity": 0,
      "Id": 0
    },
    "ProjectName": "ExcelDataReader",
    "ReportedDate": "2013-07-09T10:17:21.5-07:00",
    "Status": {
      "Name": "Proposed",
      "Id": 1
    },
    "ReasonClosed": {
      "Name": "Unassigned"
    },
    "Summary": "GetValue returns empty string for cells in some xls files",
    "Type": {
      "Name": "Unassigned",
      "Id": 5
    },
    "VoteCount": 2,
    "Id": 11928
  },
  "FileAttachments": [
    {
      "FileId": 4599,
      "FileName": "Invoice #TE-132-SA.xls",
      "DownloadUrl": ".\\4599"
    }
  ],
  "Comments": [
    {
      "Message": "I am also seeing this issue. I can't upload the spreadsheet that I have because it contains company secrets, but if I use the Invoice xls that moorhs uploaded, I see the same thing.",
      "PostedDate": "2014-04-22T15:12:45.097-07:00",
      "Id": -2147483648
    },
    {
      "Message": "I don't have time to debug this at the moment, so you can either wait until I do have time, or attempt to figure it out yourselves. \r\n\r\nGood luck!",
      "PostedDate": "2014-04-23T03:34:14.72-07:00",
      "Id": -2147483648
    },
    {
      "Message": "",
      "PostedDate": "2014-04-23T03:37:38.723-07:00",
      "Id": -2147483648
    },
    {
      "Message": "It looks like there is some issue with XlsBiffSST in the ReadStrings method. Using the attached spreadsheet, one of the strings ends up looking like this:\r\n\r\n\"˦\u0010\\0\\0\\0Block B,4/F., Winful Industrial Building, 15-17 Tai Yip Street, Kwun Tong, Kowloon, Hong \"\r\n\r\nThis means that the next string that is parsed ends up looking like this (truncated), which is actually several strings:\r\n\r\n\"\\0\\f\\0\u0005\\07\\0\\0\\0\\0\\0\\0\\0\\0\\09\\0\u0004\u0010\\0\\0\\0Commercial Invoice for Naartjie Clothing ZA One (PTY) Ltd\u0001\\0\\f\\0\u0005\\07\\0\\0\\0\\0\\0\\0\\0\\0\\0\\b\\0\u0004\u0010\\0\\0\\0SUPPLIER\u0001\\0\\f\\0\u0005\\07\\0\\0\\0\\0\\0\\0\\0\\0\\0\u001d\\0\u0004\u0010\\0\\0\\0TARGET EASE INTERNATIONAL LTD\u0001\\0\\f\\0\u0005\\07\\0\\0\\0\\0\\0\\0\\0\\0\\0 \\0\u0004\u0010\\0\\0\\0Logwin Air & Ocean Hong Kong Ltd\u0001\\0\\f\\0\u0005\\07\\0\\0\\0\\0\\0\\0\\0\\0\\02\\0\\f\u0001\\0\u0010\\0\\0\\0Address:Block B,4/F., Winful Industrial Building, \\b\\04\\0\u0001\\0\\f\\0\u0005\\07\\0\\0\\0\\0\\0\\0\\0\\0\\0o\\0\\f\u0001\\0\u0010\\0\\0\\0Address:  Rm 1101,11/F., MTL Warehouse Bldg, Phase 1,Berth One, Container Port Road, Kwal Chung, N.T. Hong Kong\\a\\04\\0\u0001\\0\\f\\0\u0005\\07\\0\\0\\0\\0\\0\\0\\0\\0\\03\\0\u0004\u0010\\0\\0\\015-17 Tai Yip Street, Kwun Tong, Kowloon, Hong Kong\u0001\\0\\f\\0\u0005\\07\\0\\0\\0\\0\\0\\0\\0\\0\\0\u0005\\0\u0004\u0010\\0\\0\\0GROUP\u0001\\0\\f\\0\u0005\\07\\0\\0\\0\\0\\0\\0\\0\\0\\0\\r\\0\u0004\u0010\\0\\0\\0CHILDREN WEAR\u0001\\0\\f\\0\u0005\\07\\0\\0\\0\\0\\0\\0\\0\\0\\0\u0018\\0\\f\u0001\\0\u0010\\0\\0\\0Telephone: (852)27979785\\t\\04\\0\u0001\\0\\f\\0\u0005\\07\\0\\0\\0\\0\\0\\0\\0\\0\\0\u0019\\0\\f\u0001\\0\u0010\\0\\0\\0Telephone: (852) 27963783\\t\\04\\0\u0001\\0\\f\\0\u0005\\07\\0\\0\\0\\0\\0\\0\\0\\0\\0 \\0\u0004\u0010\\0\\0\\0FINAL DESTINATION - SOUTH AFRICA\u0001\\0\\f\\0\u0005\\07\\0\\0\\0\\0\\0\\0\\0\\0\\0#\\0\u0004\u0010\\0\\0\\0Naartjie Clothing ZA One (PTY) Ltd.\u0001\\0\\f\\0\u0005\\07\\0\\0\\0\\0\\0\\0\\0\\0\\0U\\0\\f\u0001\\0\u0010\\0\\0\\0Address:   Pals Building, 95 Durham Avenue, Salt River, Cape Town, RSA, South Africa.\\a\\04\\0\u0001\\0\\f\\0\u0005\\07\\0\\0\\0\\0\\0\\0\\0\\0\\0\u0006\\0\u0004\u0010\\0\\0\\0Gender\u0001\\0\\f\\0\u0005\\07\\0\\0\\0\\0\\0\\0\\0\\0\\0\u0003\\0\u0004\u0010\\0\\0\\0Age\u0001\\0\\f\\0\u0005\\07\\0\\0\\0\\0\\0\\0\\0\\0\\0\u000e\\0\u0004\u0010\\0\\0\\0TICKET REPORT \u0001\\0\\f\\0\u0005\\07\\0\\0\\0\\0\\0\\0\\0\\0\\0\u001b\\0\u0004\u0010\\0\\0\\0DESCRIPTION/ FABRIC CONTENT\u0001\\0\\f\\0\u0005\\07\\0\\0\\0\\0\\0\\0\\0\\0\\0\u0018\\0\u0004\u0010\\0\\0\\0NAARTJIE P.O.# / STYLE #\u0001\\0\\f\\0\u0005\\07\\0\\0\\0\\0\\0\\0\\0\\0\\0\u0013\\0\u0004\u0010\\0\\0\\0DETAIL  DESCRIPTION\u0001\\0\\f\\0\u0005\\07\\0\\0\\0\\0\\0\\0\\0\\0\\0\u0014\\0\u0004\u0010\\0\\0\\0WEIGHT PER UNIT (KG)\u0001\\0\\f\\0\u0005\\07\\0\\0\\0\\0\\0\\0\\0\\0\\0\u0015\\0\u0004\u0010\\0\\0\\0TOTAL NET WEIGHT (KG)\u0001\\0\\f\\0\u0005\\07\\0\\0\\0\\0\\0\\0\\0\\0\\0\u0017\\0\u0004\u0010\\0\\0\\0TOTAL GROSS WEIGHT (KG)\u0001\\0\\f\\0\u0005\\07\\0\\0\\0\\0\\0\\0\\0\\0\\0\\n\\0\u0004\u0010\\0\\0\\0TOTAL CTNS\u0001\\0\\f\\0\u0005\\07\\0\\0\\0\\0\\0\\0\\0\\0\\0\u0005\\0\u0004\u0010\\0\\0\\0GIRLS\u0001\\0\\f\\0\u0005\\07\\0\\0\\0\\0\\0\\0\\0\\0\\0\u0003\\0\u0004\u0010\\0\\0\\0KID\u0001\\0\\f\\0\u0005\\07\\0\\0\\0\\0\\0\\0\\0\\0\\0\u0004\\0\u0004\u0010\\0\\0\\0PAIR\u0001\\0\\f\\0\u0005\\07\\0\\0\\0\\0\\0\\0\\0\\0\\0^\\0\\f\u0001\\0\u0010\\0\\0\\0Address: Block A,Black River Park North 2 Fir Street,Observatory 7925,Cape Town, South Africa.\\a\\04\\0\u0001\\0\\f\\0\u0005\\07\\0\\0\\0\\0\\0\\0\\0\\0\\0\\v\\0\u0004\u0010\\0\\0\\0TOTAL DOZEN\u0001\\0\\f\\0\u0005\\07\\0\\0\\0\\0\\0\\0\\0\\0\\0\u0006\\0\u0004\u0010\\0\\0\\0TOTAL:\u0001\\0\\f\\0\u0005\\07\\0\\0\\0\\0\\0\\0\\0\\0\\0\u0003\\0\u0004\u0010\\0\\0\\01) \u0001\\0\\f\\0\u0005\\07\\0\\0\\0\\0\\0\\0\\0\\0\\0\u0014\\0\u0004\u0010\\0\\0\\0COUNTRY OF ORIGIN : \u0001\\0\\f\\0\u0005\\07\\0\\0\\0\\0\\0\\0\\0\\0\\0\\r\\0\u0004\u0010\\0\\0\\0MADE IN CHINA\u0001\\0\\f\\0\u0005\\07\\0\\0\\0\\0\\0\\0\\0\\0\\0\u000e\\0\u0004\u0010\\0\\0\\0BANK DETAILS: \u0001\\0\\f\\0\u0005\\07\\0\\0\\0\\0\\0\\0\\0\\0\\0\u0013\\0\u0004\u0010\\0\\0\\0WING HANG BANK LTD.\u0001\\0\\f\\0\u0005\\07\\0\\0\\0\\0\\0\\0\\0\\0\\0a\\0\u0004\u0010\\0\\0\\0CASTLE PEAK ROAD BRANCH, SHOP NO. 2, 253-259 CASTLE PEAK ROAD, CHEUNG SHA WAN, KOWLOON, HONG KONG\u0001\\0\\f\\0\u0005\\07\\0\\0\\0\\0\\0\\0\\0\\0\\0K\\0\u0004\u0010\\0\\0\\0ACCOUNT NAME: TARGET EASE INTERNATIONAL LIMITED, ACCOUNT NO. 821-353858-001\u0001\\0\\f\\0\u0005\\07\\0\\0\\0\\0\\0\\0\\0\\0\\0\u0014\\0\u0004\u0010\\0\\0\\0MFY NAME & ADDRESS: \u0001\\0\\f\\0\u0005\\07\\0\\0\\0\\0\\0\\0\\0\\0\\0\u0016\\0\u0004\u0010\\0\\0\\0GAOPENG SHOES FACTORY \u0001\\0\\f\\0\u0005\\07\\0\\0\\0\\0\\0\\0\\0\\0\\0\u0003\\0\u0004\u0010\\0\\0\\04) \u0001\\0\\f\\0\u0005\\07\\0\\0\\0\\0\\0\\0\\0\\0\\0C\\0\u0004\u0010\\0\\0\\0101 LOBAO TOWN,WAN CHUN RD,SHANSHUI,FOSHAN,GUANGDONG PROVINCE,CHINA\u0001\\0\\f\\0\u0005\\07\\0\\0\\0\\0\\0\\0\\0\\0\\0\\n\\0\u0004\u0010\\0\\0\\0MID CODE: \u0001\\0\\f\\0\u0005\\07\\0\\0\\0\\0\\0\\0\\0\\0\\0\u000e\\0\u0004\u0010\\0\\0\\0CNGAOPEN101FOS\u0001\\0\\f\\0\u0005\\07\\0\\0\\0\\0\\0\\0\\0\\0\\0\u0003\\0\u0004\u0010\\0\\0\\05) \u0001\\0\\f\\0\u0005\\07\\0\\0\\0\\0\\0\\0\\0\\0\\0\\r\\0\u0004\u0010\\0\\0\\0POSTAL CODE :\u0001\\0\\f\\0\u0005\\07\\0\\0\\0\\0\\0\\0\\0\\0\\0\\f\\0\u0004\u0010\\0\\0\\0TE-132-SA/13\u0001\\0\\f\\0\u0005\\07\\0\\0\\0\\0\\0\\0\\0\\0\\0\u000f\\0\\0TAKKIES MESH KGÎ\\0\\0Canvas Mary Jane Mesh Bow  woven canvas takkie with velcro for fastening  over the feet, with rubber soles.  Mesh bow and trim under bind trim, with eyelits on outside of takkie. Embroidery outside showing.\\r\\0\u0004\u0010\\0\\0\\0GIRLS TAKKIES\u0001\\0\\f\\08\\07\\0\\0\\0\\0\\0\\0\\0\\0\\0\u0003\\0\u0004\u0010\\0\\0\\0N/A\u0001\\0\\f\\08\\07\\0\\0\\0\\0\\0\\0\\0\\0\\0\u000e\\0\u0004\u0010\\0\\0\\0GKA3130SPT14SA\u0001\\0\\f\\08\\07\\0\\0\\0\\0\\0\\0\\0\\0\\0`\\0\u0004\u0010\\0\\0\\0TOTAL INVOICE VALUE: U.S. DOLLARS TEN THOUSAND SEVEN HUNDRED NINETY ONE AND CENTS SIXTY ONLY.***\u0001\\0\\f\\0\u0005\\07\\0\\0\\0\\0\\0\\0\\0\\0\\0\u000f\\0\\0STORE NAME & NO\u0006\\0\\0BOX NO\u0006\\0\\0WEIGHT\u0003\\0\\0ALU\u0005\\0\\0Style\\v\\0\\0Description\u0004\\0\\0Size\u0006\\0\\0Colour\\t\\0\\0P6691S188\u0006\\0\\0Size 6\\f\\0\\0PINK. MUFFIN\\t\\0\\0P6691S189\u0006\\0\\0Size 7\\t\\0\\0P6691S190\u0006\\0\\0Size 8\\t\\0\\0P6691S191\u0006\\0\\0Size 9\\t\\0\\0P6691S192\\a\\0\\0Size 10\\t\\0\\0P6691S193\\a\\0\\0Size 11\\t\\0\\0P6691S194\\a\\0\\0Size 12\\t\\0\\0P6691S195\\a\\0\\0Size 13\\t\\0\\0P6691S196\u0006\\0\\0Size 1\\t\\0\\0P6691S197\u0006\\0\\0Size 2\\n\\0\u0004\u0010\\0\\0\\0WATERFRONT\u0001\\0\\f\\08\\07\\0\\0\\0\\0\\0\\0\\0\\0\\0\\a\\0\u0004\u0010\\0\\0\\0EWS 130\u0001\\0\\f\\08\\07\\0\\0\\0\\0\\0\\0\\0\\0\\0\\b\\0\u0004\u0010\\0\\0\\08.37 KGS\u0001\\0\\f\\08\\07\\0\\0\\0\\0\\0\\0\\0\\0\\0\u000e\\0\u0004\u0010\\0\\0\\0GKA3130SPT14SA\u0001\\0\\f\\08\\07\\0\\0\\0\\0\\0\\0\\0\\0\\0\\a\\0\u0004\u0010\\0\\0\\0EWS 131\u0001\\0\\f\\08\\07\\0\\0\\0\\0\\0\\0\\0\\0\\0\\a\\0\u0004\u0010\\0\\0\\0EWS 132\u0001\\0\\f\\08\\07\\0\\0\\0\\0\\0\\0\\0\\0\\0\\a\\0\u0004\u0010\\0\\0\\0EWS 133\u0001\\0\\f\\08\\07\\0\\0\\0\\0\\0\\0\\0\\0\\0\\t\\0\u0004\u0010\\0\\0\\0PAVILLION\u0001\\0\\f\\08\\07\\0\\0\\0\\0\\0\\0\\0\\0\\0\\a\\0\u0004\u0010\\0\\0\\0EWS 134\u0001\\0\\f\\08\\07\\0\\0\\0\\0\\0\\0\\0\\0\\0\\a\\0\u0004\u0010\\0\\0\\0EWS 135\u0001\\0\\f\\08\\07\\0\\0\\0\\0\\0\\0\\0\\0\\0\\a\\0\u0004\u0010\\0\\0\\0SANDTON\u0001\\0\\f\\08\\07\\0\\0\\0\\0\\0\\0\\0\\0\\0\\a\\0\u0004\u0010\\0\\0\\0EWS 136\u0001\\0\\f\\08\\07\\0\\0\\0\\0\\0\\0\\0\\0\\0\\a\\0\u0004\u0010\\0\\0\\0EWS 137\u0001\\0\\f\\08\\07\\0\\0\\0\\0\\0\\0\\0\\0\\0\\a\\0\u0004\u0010\\0\\0\\0EWS 138\u0001\\0\\f\\08\\07\\0\\0\\0\\0\\0\\0\\0\\0\\0\\a\\0\u0004\u0010\\0\\0\\0EWS 139\u0001\\0\\f\\08\\07\\0\\0\\0\\0\\0\\0\\0\\0\\0\\a\\0\u0004\u0010\\0\\0\\0EWS 140\u0001\\0\\f\\08\\07\\0\\0\\0\\0\\0\\0\\0\\0\\0\\b\\0\u0004\u0010\\0\\0\\0EASTGATE\u0001\\0\\f\\08\\07\\0\\0\\0\\0\\0\\0\\0\\0\\0\\a\\0\u0004\u0010\\0\\0\\0EWS 141\u0001\\0\\f\\08\\07\\0\\0\\0\\0\\0\\0\\0\\0\\0\\a\\0\u0004\u0010\\0\\0\\0EWS 142\u0001\\0\\f\\08\\07\\0\\0\\0\\0\\0\\0\\0\\0\\0\\a\\0\u0004\u0010\\0\\0\\0EWS 143\u0001\\0\\f\\08\\07\\0\\0\\0\\0\\0\\0\\0\\0\\0\\a\\0\u0004\u0010\\0\\0\\0EWS 144\u0001\\0\\f\\08\\07\\0\\0\\0\\0\\0\\0\\0\\0\\0\\a\\0\u0004\u0010\\0\\0\\0EWS 145\u0001\\0\\f\\08\\07\\0\\0\\0\\0\\0\\0\\0\\0\\0\\t\\0\u0004\u0010\\0\\0\\0CAVENDISH\u0001\\0\\f\\08\\07\\0\\0\\0\\0\\0\\0\\0\\0\\0\\a\\0\u0004\u0010\\0\\0\\0EWS 146\u0001\\0\\f\\08\\07\\0\\0\\0\\0\\0\\0\\0\\0\\0\\a\\0\u0004\u0010\\0\\0\\0EWS 147\u0001\\0\\f\\08\\07\\0\\0\\0\\0\\0\\0\\0\\0\\0\\a\\0\u0004\u0010\\0\\0\\0HOUTBAY\u0001\\0\\f\\08\\07\\0\\0\\0\\0\\0\\0\\0\\0\\0\\a\\0\u0004\u0010\\0\\0\\0EWS 148\u0001\\0\\f\\08\\07\\0\\0\\0\\0\\0\\0\\0\\0\\0\\b\\0\u0004\u0010\\0\\0\\0WESTWOOD\u0001\\0\\f\\08\\07\\0\\0\\0\\0\\0\\0\\0\\0\\0\\a\\0\u0004\u0010\\0\\0\\0EWS 149\u0001\\0\\f\\08\\07\\0\\0\\0\\0\\0\\0\\0\\0\\0\\t\\0\u0004\u0010\\0\\0\\0ATTERBURY\u0001\\0\\f\\08\\07\\0\\0\\0\\0\\0\\0\\0\\0\\0\\a\\0\u0004\u0010\\0\\0\\0EWS 150\u0001\\0\\f\\08\\07\\0\\0\\0\\0\\0\\0\\0\\0\\0\\a\\0\u0004\u0010\\0\\0\\0EWS 151\u0001\\0\\f\\08\\07\\0\\0\\0\\0\\0\\0\\0\\0\\0\\n\\0\u0004\u0010\\0\\0\\0EPSOM DOWN\u0001\\0\\f\\08\\07\\0\\0\\0\\0\\0\\0\\0\\0\\0\\a\\0\u0004\u0010\\0\\0\\0EWS 152\u0001\\0\\f\\08\\07\\0\\0\\0\\0\\0\\0\\0\\0\\0\\a\\0\u0004\u0010\\0\\0\\0EWS 153\u0001\\0\\f\\08\\07\\0\\0\\0\\0\\0\\0\\0\\0\\0\\a\\0\u0004\u0010\\0\\0\\0EWS 154\u0001\\0\\f\\08\\07\\0\\0\\0\\0\\0\\0\\0\\0\\0\\n\\0\u0004\u0010\\0\\0\\0CANAL WALK\u0001\\0\\f\\08\\07\\0\\0\\0\\0\\0\\0\\0\\0\\0\\a\\0\u0004\u0010\\0\\0\\0EWS 155\u0001\\0\\f\\08\\07\\0\\0\\0\\0\\0\\0\\0\\0\\0\\a\\0\u0004\u0010\\0\\0\\0EWS 156\u0001\\0\\f\\08\\07\\0\\0\\0\\0\\0\\0\\0\\0\\0\\a\\0\u0004\u0010\\0\\0\\0EWS 157\u0001\\0\\f\\08\\07\\0\\0\\0\\0\\0\\0\\0\\0\\0\u0006\\0\u0004\u0010\\0\\0\\0MENLYN\u0001\\0\\f\\08\\07\\0\\0\\0\\0\\0\\0\\0\\0\\0\\a\\0\u0004\u0010\\0\\0\\0EWS 158\u0001\\0\\f\\08\\07\\0\\0\\0\\0\\0\\0\\0\\0\\0\\a\\0\u0004\u0010\\0\\0\\0EWS 159\u0001\\0\\f\\08\\07\\0\\0\\0\\0\\0\\0\\0\\0\\0\\a\\0\u0004\u0010\\0\\0\\0EWS 160\u0001\\0\\f\\08\\07\\0\\0\\0\\0\\0\\0\\0\\0\\0\u0006\\0\u0004\u0010\\0\\0\\0CRESTA\u0001\\0\\f\\08\\07\\0\\0\\0\\0\\0\\0\\0\\0\\0\\a\\0\u0004\u0010\\0\\0\\0EWS 161\u0001\\0\\f\\08\\07\\0\\0\\0\\0\\0\\0\\0\\0\\0\\a\\0\u0004\u0010\\0\\0\\0EWS 162\u0001\\0\\f\\08\\07\\0\\0\\0\\0\\0\\0\\0\\0\\0\\a\\0\u0004\u0010\\0\\0\\0GATEWAY\u0001\\0\\f\\08\\07\\0\\0\\0\\0\\0\\0\\0\\0\\0\\a\\0\u0004\u0010\\0\\0\\0EWS 163\u0001\\0\\f\\08\\07\\0\\0\\0\\0\\0\\0\\0\\0\\0\\a\\0\u0004\u0010\\0\\0\\0EWS 164\u0001\\0\\f\\08\\07\\0\\0\\0\\0\\0\\0\\0\\0\\0\\a\\0\u0004\u0010\\0\\0\\0EWS 165\u0001\\0\\f\\08\\07\\0\\0\\0\\0\\0\\0\\0\\0\\0\\a\\0\u0004\u0010\\0\\0\\0EWS 166\u0001\\0\\f\\08\\07\\0\\0\\0\\0\\0\\0\\0\\0\\0\\v\\0\u0004\u0010\\0\\0\\0WALMER PARK\u0001\\0\\f\\08\\07\\0\\0\\0\\0\\0\\0\\0\\0\\0\\a\\0\u0004\u0010\\0\\0\\0EWS 167\u0001\\0\\f\\08\\07\\0\\0\\0\\0\\0\\0\\0\\0\\0\\a\\0\u0004\u0010\\0\\0\\0EWS 168\u0001\\0\\f\\08\\07\\0\\0\\0\\0\\0\\0\\0\\0\\0\\b\\0\u0004\u0010\\0\\0\\0SOMERSET\u0001\\0\\f\\08\\07\\0\\0\\0\\0\\0\\0\\0\\0\\0\\a\\0\u0004\u0010\\0\\0\\0EWS 169\u0001\\0\\f\\08\\07\\0\\0\\0\\0\\0\\0\\0\\0\\0\\t\\0\u0004\u0010\\0\\0\\0WOODLANDS\u0001\\0\\f\\08\\07\\0\\0\\0\\0\\0\\0\\0\\0\\0\\a\\0\u0004\u0010\\0\\0\\0EWS 170\u0001\\0\\f\\08\\07\\0\\0\\0\\0\\0\\0\\0\\0\\0\\a\\0\u0004\u0010\\0\\0\\0EWS 171\u0001\\0\\f\\08\\07\\0\\0\\0\\0\\0\\0\\0\\0\\0\\v\\0\u0004\u0010\\0\\0\\0TYGERVALLEY\u0001\\0\\f\\08\\07\\0\\0\\0\\0\\0\\0\\0\\0\\0\\a\\0\u0004\u0010\\0\\0\\0EWS 182\u0001\\0\\f\\08\\07\\0\\0\\0\\0\\0\\0\\0\\0\\0\\a\\0\u0004\u0010\\0\\0\\0EWS 183\u0001\\0\\f\\08\\07\\0\\0\\0\\0\\0\\0\\0\\0\\0\\v\\0\u0004\u0010\\0\\0\\0MORNINGSIDE\u0001\\0\\f\\08\\07\\0\\0\\0\\0\\0\\0\\0\\0\\0\\a\\0\u0004\u0010\\0\\0\\0EWS 184\u0001\\0\\f\\08\\07\\0\\0\\0\\0\\0\\0\\0\\0\\0\\a\\0\u0004\u0010\\0\\0\\0EWS 185\u0001\\0\\f\\08\\07\\0\\0\\0\\0\\0\\0\\0\\0\\0\\b\\0\u0004\u0010\\0\\0\\0LA LUCIA\u0001\\0\\f\\08\\07\\0\\0\\0\\0\\0\\0\\0\\0\\0\\a\\0\u0004\u0010\\0\\0\\0EWS 186\u0001\\0\\f\\08\\07\\0\\0\\0\\0\\0\\0\\0\\0\\0\u0005\\0\u0004\u0010\\0\\0\\0IRENE\u0001\\0\\f\\08\\07\\0\\0\\0\\0\\0\\0\\0\\0\\0\\a\\0\u0004\u0010\\0\\0\\0EWS 187\u0001\\0\\f\\08\\07\\0\\0\\0\\0\\0\\0\\0\\0\\0\\a\\0\u0004\u0010\\0\\0\\0EWS 188\u0001\\0\\f\\08\\07\\0\\0\\0\\0\\0\\0\\0\\0\\0\\n\\0\u0004\u0010\\0\\0\\0CLEARWATER\u0001\\0\\f\\08\\07\\0\\0\\0\\0\\0\\0\\0\\0\\0\\a\\0\u0004\u0010\\0\\0\\0EWS 189\u0001\\0\\f\\08\\07\\0\\0\\0\\0\\0\\0\\0\\0\\0\\a\\0\u0004\u0010\\0\\0\\0EWS 190\u0001\\0\\f\\08\\07\\0\\0\\0\\0\\0\\0\\0\\0\\0\\a\\0\u0004\u0010\\0\\0\\0EWS 191\u0001\\0\\f\\08\\07\\0\\0\\0\\0\\0\\0\\0\\0\\0\u0006\\0\u0004\u0010\\0\\0\\0ILANGA\u0001\\0\\f\\08\\07\\0\\0\\0\\0\\0\\0\\0\\0\\0\\a\\0\u0004\u0010\\0\\0\\0EWS 192\u0001\\0\\f\\08\\07\\0\\0\\0\\0\\0\\0\\0\\0\\0\\v\\0\u0004\u0010\\0\\0\\0BEDFORDVIEW\u0001\\0\\f\\08\\07\\0\\0\\0\\0\\0\\0\\0\\0\\0\\a\\0\u0004\u0010\\0\\0\\0EWS 193\u0001\\0\\f\\08\\07\\0\\0\\0\\0\\0\\0\\0\\0\\0\u0011\\0\u0004\u0010\\0\\0\\0MALL OF THE NORTH\u0001\\0\\f\\08\\07\\0\\0\\0\\0\\0\\0\\0\\0\\0\\a\\0\u0004\u0010\\0\\0\\0EWS 194\u0001\\0\\f\\08\\07\\0\\0\\0\\0\\0\\0\\0\\0\\0\\n\\0\u0004\u0010\\0\\0\\0BLUE ROUTE\u0001\\0\\f\\08\\07\\0\\0\\0\\0\\0\\0\\0\\0\\0\\a\\0\u0004\u0010\\0\\0\\0EWS 195\u0001\\0\\f\\08\\07\\0\\0\\0\\0\\0\\0\\0\\0\\0\\b\\0\u0004\u0010\\0\\0\\0WEBSTORE\u0001\\0\\f\\08\\07\\0\\0\\0\\0\\0\\0\\0\\0\\0\\a\\0\u0004\u0010\\0\\0\\0EWS 196\u0001\\0\\f\\08\\07\\0\\0\\0\\0\\0\\0\\0\\0\\0\\a\\0\u0004\u0010\\0\\0\\0EWS 197\u0001\\0\\f\\08\\07\\0\\0\\0\\0\\0\\0\\0\\0\\0\\t\\0\u0004\u0010\\0\\0\\0NICHOLWAY\u0001\\0\\f\\08\\07\\0\\0\\0\\0\\0\\0\\0\\0\\0\\a\\0\u0004\u0010\\0\\0\\0EWT 189\u0001\\0\\f\\08\\07\\0\\0\\0\\0\\0\\0\\0\\0\\0%\\0\\0Naartjie Kids  - STORE NUMBER LISTING\\n\\0\\0STORE NAME\u0006\\0\\0NUMBER\\t\\0\\0ATTERBURY\u0002\\0\\008\\v\\0\\0BEDFORDVIEW\u0002\\0\\024\\n\\0\\0BLUE ROUTE\u0002\\0\\026\\n\\0\\0CANAL WALK\u0002\\0\\010\\t\\0\\0CAVENDISH\u0002\\0\\005\\n\\0\\0CLEARWATER\u0002\\0\\021\u0006\\0\\0CRESTA\u0002\\0\\012\\b\\0\\0EASTGATE\u0002\\0\\004\\v\\0\\0EPSOM DOWNS\u0002\\0\\009\u0011\\0\\0GARDEN ROUTE MALL\u0002\\0\\023\\a\\0\\0GATEWAY\u0002\\0\\013\\b\\0\\0HOUT BAY\u0002\\0\\006\u0006\\0\\0ILANGA\u0002\\0\\022\u0005\\0\\0IRENE\u0002\\0\\020\\b\\0\\0LA LUCIA\u0002\\0\\019\u0011\\0\\0MALL OF THE NORTH\u0002\\0\\025\u0006\\0\\0MENLYN\u0002\\0\\011\\v\\0\\0MORNINGSIDE\u0002\\0\\018\\t\\0\\0NICHOLWAY\u0002\\0\\028\u0011\\0\\0ONLINE / WEBSTORE\u0002\\0\\027\\t\\0\\0PAVILLION\u0002\\0\\002\\a\\0\\0SANDTON\u0002\\0\\003\\r\\0\\0SOMERSET MALL\u0002\\0\\015\\v\\0\\0TYGERVALLEY\u0002\\0\\017\u000e\\0\\0V&A ",
      "PostedDate": "2014-04-23T07:41:31.483-07:00",
      "Id": -2147483648
    },
    {
      "Message": "",
      "PostedDate": "2017-11-27T20:47:32.257-08:00",
      "Id": -2147483648
    }
  ]
}