{
  "WorkItem": {
    "AffectedComponent": {
      "Name": "",
      "DisplayName": ""
    },
    "ClosedComment": "Resolved in the last release version.",
    "ClosedDate": "2009-08-24T14:12:47.66-07:00",
    "CommentCount": 0,
    "Custom": null,
    "Description": "The reader is throwing error \"Index out of bound \",for a specific excel file , in the function ReadSheetRow(XlsxWorksheet sheet), in the ExcelOpenXmlReader file ,at line \n \n_cellsValues[col - 1] = o;",
    "LastUpdatedDate": "2013-05-16T05:00:03.69-07:00",
    "PlannedForRelease": "",
    "ReleaseVisibleToPublic": false,
    "Priority": {
      "Name": "Low",
      "Severity": 50,
      "Id": 1
    },
    "ProjectName": "ExcelDataReader",
    "ReportedDate": "2009-06-23T05:53:42.407-07:00",
    "Status": {
      "Name": "Closed",
      "Id": 4
    },
    "ReasonClosed": {
      "Name": "Unassigned"
    },
    "Summary": "Index out of bound Error",
    "Type": {
      "Name": "Issue",
      "Id": 3
    },
    "VoteCount": 2,
    "Id": 3331
  },
  "FileAttachments": [],
  "Comments": [
    {
      "Message": "I had the same problem with an Excel 2007 document. I saved the document as 2003 format and tried again and this time it was fine.",
      "PostedDate": "2009-07-22T05:15:49.787-07:00",
      "Id": -2147483648
    },
    {
      "Message": "",
      "PostedDate": "2009-08-24T11:10:28.993-07:00",
      "Id": -2147483648
    },
    {
      "Message": "",
      "PostedDate": "2009-08-24T14:12:47.66-07:00",
      "Id": -2147483648
    },
    {
      "Message": "",
      "PostedDate": "2013-02-21T17:47:49.953-08:00",
      "Id": -2147483648
    },
    {
      "Message": "",
      "PostedDate": "2013-05-16T05:00:03.69-07:00",
      "Id": -2147483648
    }
  ]
}