{
  "WorkItem": {
    "AffectedComponent": {
      "Name": "",
      "DisplayName": ""
    },
    "ClosedComment": "",
    "ClosedDate": null,
    "CommentCount": 0,
    "Custom": null,
    "Description": "Where is v.2.0.1.0 source code?",
    "LastUpdatedDate": "2013-10-23T11:43:04.51-07:00",
    "PlannedForRelease": "",
    "ReleaseVisibleToPublic": false,
    "Priority": {
      "Name": "Unassigned",
      "Severity": 0,
      "Id": 0
    },
    "ProjectName": "ExcelDataReader",
    "ReportedDate": "2013-10-23T11:35:00.117-07:00",
    "Status": {
      "Name": "Proposed",
      "Id": 1
    },
    "ReasonClosed": {
      "Name": "Unassigned"
    },
    "Summary": "v.2.0.1.0 source code",
    "Type": {
      "Name": "Unassigned",
      "Id": 5
    },
    "VoteCount": 1,
    "Id": 12354
  },
  "FileAttachments": [],
  "Comments": [
    {
      "Message": "Sorry, please close this issue, I will open a discussion for this.",
      "PostedDate": "2013-10-23T11:43:04.51-07:00",
      "Id": -2147483648
    }
  ]
}