{
  "WorkItem": {
    "AffectedComponent": {
      "Name": "",
      "DisplayName": ""
    },
    "ClosedComment": "",
    "ClosedDate": "2012-12-14T03:37:44.2-08:00",
    "CommentCount": 0,
    "Custom": null,
    "Description": "I've found that currency fields are detected as dates for xlsxe.g. 44.99 comes out as a date if formatted as £44.99If got around it by changing CheckDateTimeNumFts:if (!fc.Contains(\"#\") && fc.IndexOfAny(new char[] { 'y', 'm', 'd', 's', 'h' }) >= 0)\t\t\t\t{\t\t\t\t\t_defaultDateTimeStyles.Add(numFmt.Id);\t\t\t\t}",
    "LastUpdatedDate": "2017-11-27T20:47:28.513-08:00",
    "PlannedForRelease": "",
    "ReleaseVisibleToPublic": false,
    "Priority": {
      "Name": "Medium",
      "Severity": 100,
      "Id": 2
    },
    "ProjectName": "ExcelDataReader",
    "ReportedDate": "2012-12-03T13:59:42.44-08:00",
    "Status": {
      "Name": "Closed",
      "Id": 4
    },
    "ReasonClosed": {
      "Name": "Unassigned"
    },
    "Summary": "Currency detected as date",
    "Type": {
      "Name": "Issue",
      "Id": 3
    },
    "VoteCount": 1,
    "Id": 11397
  },
  "FileAttachments": [],
  "Comments": [
    {
      "Message": "Resolved with changeset 81809.",
      "PostedDate": "2012-12-14T03:37:44.2-08:00",
      "Id": -2147483648
    },
    {
      "Message": "",
      "PostedDate": "2013-02-21T17:47:31.823-08:00",
      "Id": -2147483648
    },
    {
      "Message": "",
      "PostedDate": "2013-05-16T04:59:58.29-07:00",
      "Id": -2147483648
    },
    {
      "Message": "",
      "PostedDate": "2017-11-27T20:47:28.513-08:00",
      "Id": -2147483648
    }
  ]
}