{
  "WorkItem": {
    "AffectedComponent": {
      "Name": "",
      "DisplayName": ""
    },
    "ClosedComment": "",
    "ClosedDate": null,
    "CommentCount": 0,
    "Custom": null,
    "Description": "After adding the dlls and references to them in my VS.2010 solution, when I try to run the site I get the error listed in the title. Can anyone sdvide please? Thanks in advance",
    "LastUpdatedDate": "2013-02-21T17:47:35.1-08:00",
    "PlannedForRelease": "",
    "ReleaseVisibleToPublic": false,
    "Priority": {
      "Name": "Low",
      "Severity": 50,
      "Id": 1
    },
    "ProjectName": "ExcelDataReader",
    "ReportedDate": "2012-04-13T13:10:56.117-07:00",
    "Status": {
      "Name": "Proposed",
      "Id": 1
    },
    "ReasonClosed": {
      "Name": "Unassigned"
    },
    "Summary": "Could not load file or assembly 'Excel, Version 2.0.1.0, Culture=neutral...",
    "Type": {
      "Name": "Issue",
      "Id": 3
    },
    "VoteCount": 1,
    "Id": 10649
  },
  "FileAttachments": [],
  "Comments": []
}