{
  "WorkItem": {
    "AffectedComponent": {
      "Name": "",
      "DisplayName": ""
    },
    "ClosedComment": "",
    "ClosedDate": null,
    "CommentCount": 0,
    "Custom": null,
    "Description": "If my excel format is .xlsx I'm using \n    ExcelReaderFactory.CreateOpenXmlReader(stream)\nand for .xls\n   ExcelReaderFactory.CreateBinaryReader(stream)\n \nWhen the file is marco emabled (extension .xlsm) what I need to use?\n \nIf I'm saving the file in .xls format also DataSet is coming as null.",
    "LastUpdatedDate": "2013-02-21T17:47:32.747-08:00",
    "PlannedForRelease": "",
    "ReleaseVisibleToPublic": false,
    "Priority": {
      "Name": "Low",
      "Severity": 50,
      "Id": 1
    },
    "ProjectName": "ExcelDataReader",
    "ReportedDate": "2012-07-05T00:26:47.76-07:00",
    "Status": {
      "Name": "Proposed",
      "Id": 1
    },
    "ReasonClosed": {
      "Name": "Unassigned"
    },
    "Summary": "Unable to read a macro enabled excel file using Excel Data Reader",
    "Type": {
      "Name": "Issue",
      "Id": 3
    },
    "VoteCount": 2,
    "Id": 10970
  },
  "FileAttachments": [],
  "Comments": []
}