{
  "WorkItem": {
    "AffectedComponent": {
      "Name": "",
      "DisplayName": ""
    },
    "ClosedComment": "",
    "ClosedDate": null,
    "CommentCount": 0,
    "Custom": null,
    "Description": "I tested this on ExcelDataReder of v2.1 using ExcelBinaryReader. I got autogenerated report which doesn't have correct LastColumn and LastRow set in its dimension (excel populates them correctly but external tools might not do this). Therefore last few records are not read from such file and exception is raised because index of column accessed is greater than total number of columns specified in the file's dimension.",
    "LastUpdatedDate": "2013-05-29T09:28:36.48-07:00",
    "PlannedForRelease": "",
    "ReleaseVisibleToPublic": false,
    "Priority": {
      "Name": "Unassigned",
      "Severity": 0,
      "Id": 0
    },
    "ProjectName": "ExcelDataReader",
    "ReportedDate": "2013-05-29T06:05:57.79-07:00",
    "Status": {
      "Name": "Proposed",
      "Id": 1
    },
    "ReasonClosed": {
      "Name": "Unassigned"
    },
    "Summary": "Not all rows are read from XLS file when its dimension is not correctly set.",
    "Type": {
      "Name": "Unassigned",
      "Id": 5
    },
    "VoteCount": 1,
    "Id": 11822
  },
  "FileAttachments": [],
  "Comments": [
    {
      "Message": "Have you tried with the latest code from the repository rather than the packaged binary?",
      "PostedDate": "2013-05-29T08:29:11.63-07:00",
      "Id": -2147483648
    },
    {
      "Message": "This is based on source code \"exceldatareader-82970\" downloaded from \"SOURCE CODE\" tab. Actually I wrote this issue because I debugged source code and this way I found incorrect values of dimension from my excel file.",
      "PostedDate": "2013-05-29T09:28:36.48-07:00",
      "Id": -2147483648
    }
  ]
}