{
  "WorkItem": {
    "AffectedComponent": {
      "Name": "",
      "DisplayName": ""
    },
    "ClosedComment": "",
    "ClosedDate": "2013-03-12T02:48:38.25-07:00",
    "CommentCount": 0,
    "Custom": null,
    "Description": "Hi All\n\nI have created few ExcelFiles (.xls)  using NPOI(http://npoi.codeplex.com/).\n\nWhen Files having Rows >10 and columns >12 files are redable in ExcelReader.\nbut when Files have lesser no of rows or columns then i get error : Error reading Workbook Globals - Stream has invalid data.\n\nBut i have checked Excel files having 3 Rows and 3 Columns -- Creted by MS Office 2007 are redable in Excell reder.\n\nI have also include this in NPOI   Issue link below.\nhttp://npoi.codeplex.com/workitem/11459",
    "LastUpdatedDate": "2013-05-16T04:59:57.53-07:00",
    "PlannedForRelease": "",
    "ReleaseVisibleToPublic": false,
    "Priority": {
      "Name": "Low",
      "Severity": 50,
      "Id": 1
    },
    "ProjectName": "ExcelDataReader",
    "ReportedDate": "2012-12-22T10:00:36.087-08:00",
    "Status": {
      "Name": "Closed",
      "Id": 4
    },
    "ReasonClosed": {
      "Name": "Unassigned"
    },
    "Summary": "Error in Reading Files having Rows <10 and Columns <12 Created by NPOI",
    "Type": {
      "Name": "Issue",
      "Id": 3
    },
    "VoteCount": 1,
    "Id": 11460
  },
  "FileAttachments": [
    {
      "FileId": 4398,
      "FileName": "test 1row 6 Column.xls",
      "DownloadUrl": ".\\4398"
    }
  ],
  "Comments": [
    {
      "Message": "Can you try with the latest build?",
      "PostedDate": "2013-01-21T02:28:55.75-08:00",
      "Id": -2147483648
    },
    {
      "Message": "Thanks @Ian it is working now.",
      "PostedDate": "2013-01-22T09:17:11.53-08:00",
      "Id": -2147483648
    },
    {
      "Message": "",
      "PostedDate": "2013-02-21T17:47:30.59-08:00",
      "Id": -2147483648
    },
    {
      "Message": "",
      "PostedDate": "2013-03-12T02:48:31.463-07:00",
      "Id": -2147483648
    },
    {
      "Message": "",
      "PostedDate": "2013-03-12T02:48:38.25-07:00",
      "Id": -2147483648
    },
    {
      "Message": "",
      "PostedDate": "2013-05-16T04:59:57.53-07:00",
      "Id": -2147483648
    }
  ]
}