{
  "WorkItem": {
    "AffectedComponent": {
      "Name": "",
      "DisplayName": ""
    },
    "ClosedComment": "",
    "ClosedDate": null,
    "CommentCount": 0,
    "Custom": null,
    "Description": "When i pass an filestream of .xls file to  ExcelReaderFactory.CreateBinaryReader it throws the following error\n\"Error reading Workbook Globals - Stream has invalid data\". At the same time when i do some small modification in the file and upload it,  the function and tool works perfectly fine.\n \nPlease help me in resolving the issue. I have attached the file that is throwing the error....",
    "LastUpdatedDate": "2013-02-21T17:47:43.703-08:00",
    "PlannedForRelease": "",
    "ReleaseVisibleToPublic": false,
    "Priority": {
      "Name": "Low",
      "Severity": 50,
      "Id": 1
    },
    "ProjectName": "ExcelDataReader",
    "ReportedDate": "2010-05-05T22:32:52.26-07:00",
    "Status": {
      "Name": "Proposed",
      "Id": 1
    },
    "ReasonClosed": {
      "Name": "Unassigned"
    },
    "Summary": "ExcelReaderFactory.CreateBinaryReader throwing error",
    "Type": {
      "Name": "Issue",
      "Id": 3
    },
    "VoteCount": 1,
    "Id": 6066
  },
  "FileAttachments": [
    {
      "FileId": 2180,
      "FileName": "Wiltrate.xls",
      "DownloadUrl": ".\\2180"
    }
  ],
  "Comments": []
}