{
  "WorkItem": {
    "AffectedComponent": {
      "Name": "",
      "DisplayName": ""
    },
    "ClosedComment": "Fixed in this release.",
    "ClosedDate": "2009-08-24T14:21:11.337-07:00",
    "CommentCount": 0,
    "Custom": null,
    "Description": "Whn i try to retrieve the data using exceldatareader,data in the dataset is not consistent.If  alternative column in a row are blank, and similar manipulaations the data in the dataset in not sonsistent",
    "LastUpdatedDate": "2013-05-16T05:00:04.21-07:00",
    "PlannedForRelease": "",
    "ReleaseVisibleToPublic": false,
    "Priority": {
      "Name": "Low",
      "Severity": 50,
      "Id": 1
    },
    "ProjectName": "ExcelDataReader",
    "ReportedDate": "2009-05-20T09:01:31.48-07:00",
    "Status": {
      "Name": "Closed",
      "Id": 4
    },
    "ReasonClosed": {
      "Name": "Unassigned"
    },
    "Summary": "Data retrieved not consistent",
    "Type": {
      "Name": "Issue",
      "Id": 3
    },
    "VoteCount": 1,
    "Id": 3094
  },
  "FileAttachments": [
    {
      "FileId": 1156,
      "FileName": "test.xlsx",
      "DownloadUrl": ".\\1156"
    }
  ],
  "Comments": []
}