{
  "WorkItem": {
    "AffectedComponent": {
      "Name": "",
      "DisplayName": ""
    },
    "ClosedComment": "Was not a real issue.",
    "ClosedDate": "2013-04-15T00:55:36.84-07:00",
    "CommentCount": 0,
    "Custom": null,
    "Description": "I have a workbook with the same problem:\n\n\n    private void Test()\n    {\n      using (FileStream streamIn = File.Open(@\"Z:\\SIW\\Pass1 Data\\dms_vendor.extract.xlsx\", FileMode.Open, FileAccess.Read))\n      using (IExcelDataReader execlReader = ExcelReaderFactory.CreateOpenXmlReader(streamIn))\n      {\n        int r = execlReader.ResultsCount;\n\n        int x = r;\n\n        DataSet dataset = execlReader.AsDataSet();\n\n        foreach (DataTable sheet in dataset.Tables)\n        {\n          var a = sheet;\n          var b = a;\n        }\n      }\n    }\n\n\n\n\nWhen I break at the foreach and view the dataset it says the Tables count is 0 although the xlsx file has 260 lines and columns out to AC.",
    "LastUpdatedDate": "2014-09-29T02:50:38.74-07:00",
    "PlannedForRelease": "Latest Source Code",
    "ReleaseVisibleToPublic": true,
    "Priority": {
      "Name": "Low",
      "Severity": 50,
      "Id": 1
    },
    "ProjectName": "ExcelDataReader",
    "ReportedDate": "2013-01-23T03:42:26.58-08:00",
    "Status": {
      "Name": "Closed",
      "Id": 4
    },
    "ReasonClosed": {
      "Name": "Unassigned"
    },
    "Summary": "return null dataset, open xls file only have 1 sheet",
    "Type": {
      "Name": "Issue",
      "Id": 3
    },
    "VoteCount": 1,
    "Id": 11516
  },
  "FileAttachments": [],
  "Comments": [
    {
      "Message": "I've put a test in place and run your code and my code in the test against the workbook supplied and all tests pass.\r\n\r\nso it is either something environmental (different version of .Net or another dependency) or it was fixed recently by Ian and you don't yet have the latest source.\r\n\r\nAre you able to update your source to the current and then run the new test?",
      "PostedDate": "2013-01-23T03:58:47.593-08:00",
      "Id": -2147483648
    },
    {
      "Message": "",
      "PostedDate": "2013-02-21T17:47:29.933-08:00",
      "Id": -2147483648
    },
    {
      "Message": "I get null datasets from both xlsx and xls files.  \r\n\r\nAt the instantiation of the excelReader, in the case of XLSX I get an invalid file signature error, in the case of XLS files I get cannot find central directory.\r\n\r\n                string source = txtPath.Text;\n                DataSet result = null;\n                if (File.Exists(source))\n                {\r\n\r\n                    using (FileStream stream = File.Open(source, FileMode.Open, FileAccess.Read))\n                    {\r\n\r\n                        if (source.EndsWith(\".xlsx\"))\n                        {\n                            IExcelDataReader excelReader = ExcelReaderFactory.CreateBinaryReader(stream);\n                            result = excelReader.AsDataSet();\n                        }\n                        else if (source.EndsWith(\".xls\"))\n                        {\n                            IExcelDataReader excelReader = ExcelReaderFactory.CreateOpenXmlReader(stream);\n                            result = excelReader.AsDataSet();\n                        }\n                    }\n                }\r\n\r\n\nBy further stepping through the code and forcing it to skip the header test on the file, I see an out of memory exception.\r\n\r\nAny ideas?",
      "PostedDate": "2013-04-14T17:00:07.137-07:00",
      "Id": -2147483648
    },
    {
      "Message": "It looks like you are opening them the wrong way round, xlsx is the Open XML format, xls is the binary format. I'll close this ticket as it is unrelated to the original issue above and ideally should be in the forum, please post there if you have any more questions.",
      "PostedDate": "2013-04-15T00:55:08.027-07:00",
      "Id": -2147483648
    },
    {
      "Message": "",
      "PostedDate": "2013-04-15T00:55:36.84-07:00",
      "Id": -2147483648
    },
    {
      "Message": "",
      "PostedDate": "2013-05-16T04:59:57.23-07:00",
      "Id": -2147483648
    },
    {
      "Message": "Some rows returns blank values.  It works when i caopy the rows to a notepad and paste it back to the excel.[0A]",
      "PostedDate": "2014-09-29T02:50:38.74-07:00",
      "Id": -2147483648
    }
  ]
}