{
  "WorkItem": {
    "AffectedComponent": {
      "Name": "",
      "DisplayName": ""
    },
    "ClosedComment": "",
    "ClosedDate": null,
    "CommentCount": 0,
    "Custom": null,
    "Description": "Please change SharpZipLib to something with a less restrictive license like DotNetZip or 7ZIP SDK for C#.",
    "LastUpdatedDate": "2015-02-27T00:44:27.62-08:00",
    "PlannedForRelease": "",
    "ReleaseVisibleToPublic": false,
    "Priority": {
      "Name": "Unassigned",
      "Severity": 0,
      "Id": 0
    },
    "ProjectName": "ExcelDataReader",
    "ReportedDate": "2015-02-27T00:44:27.62-08:00",
    "Status": {
      "Name": "Proposed",
      "Id": 1
    },
    "ReasonClosed": {
      "Name": "Unassigned"
    },
    "Summary": "Please remove dependency on SharpZipLib its GPL",
    "Type": {
      "Name": "Unassigned",
      "Id": 5
    },
    "VoteCount": 1,
    "Id": 13480
  },
  "FileAttachments": [],
  "Comments": []
}