{
  "WorkItem": {
    "AffectedComponent": {
      "Name": "",
      "DisplayName": ""
    },
    "ClosedComment": "",
    "ClosedDate": "2012-12-07T08:01:41.253-08:00",
    "CommentCount": 0,
    "Custom": null,
    "Description": "Problem occurs in exception handler in ZipWorker.Extract",
    "LastUpdatedDate": "2017-11-27T20:47:28.66-08:00",
    "PlannedForRelease": "",
    "ReleaseVisibleToPublic": false,
    "Priority": {
      "Name": "Low",
      "Severity": 50,
      "Id": 1
    },
    "ProjectName": "ExcelDataReader",
    "ReportedDate": "2012-12-07T07:46:44.27-08:00",
    "Status": {
      "Name": "Closed",
      "Id": 4
    },
    "ReasonClosed": {
      "Name": "Unassigned"
    },
    "Summary": "Error masked if IOException in cleanup code inside error handler",
    "Type": {
      "Name": "Issue",
      "Id": 3
    },
    "VoteCount": 1,
    "Id": 11406
  },
  "FileAttachments": [],
  "Comments": [
    {
      "Message": "Resolved with changeset 81695.",
      "PostedDate": "2012-12-07T08:01:41.253-08:00",
      "Id": -2147483648
    },
    {
      "Message": "",
      "PostedDate": "2013-02-21T17:47:31.6-08:00",
      "Id": -2147483648
    },
    {
      "Message": "",
      "PostedDate": "2013-05-16T04:59:58.11-07:00",
      "Id": -2147483648
    },
    {
      "Message": "",
      "PostedDate": "2017-11-27T20:47:28.66-08:00",
      "Id": -2147483648
    }
  ]
}