{
  "WorkItem": {
    "AffectedComponent": {
      "Name": "",
      "DisplayName": ""
    },
    "ClosedComment": "Resolved in the last release version.",
    "ClosedDate": "2009-08-24T14:11:53.833-07:00",
    "CommentCount": 0,
    "Custom": null,
    "Description": "The invalid sheet is returned when the sheet are reordered in Excel\n \nOpen file TestMultiSheet.xlsx, reorder the sheets. Run the MultiSheetTest, the test will fail.\n \nThe sheetid doesn't match with the name of the file.",
    "LastUpdatedDate": "2013-05-16T05:00:03.987-07:00",
    "PlannedForRelease": "",
    "ReleaseVisibleToPublic": false,
    "Priority": {
      "Name": "Low",
      "Severity": 50,
      "Id": 1
    },
    "ProjectName": "ExcelDataReader",
    "ReportedDate": "2009-06-04T09:11:23.617-07:00",
    "Status": {
      "Name": "Closed",
      "Id": 4
    },
    "ReasonClosed": {
      "Name": "Unassigned"
    },
    "Summary": "Invalid data sheet return in AsDataSet (OpenXmlReader)",
    "Type": {
      "Name": "Issue",
      "Id": 3
    },
    "VoteCount": 1,
    "Id": 3194
  },
  "FileAttachments": [
    {
      "FileId": 1194,
      "FileName": "ExcelOpenXmlReader.cs",
      "DownloadUrl": ".\\1194"
    }
  ],
  "Comments": [
    {
      "Message": "Check with the modified EXcelOpenXmlReader.cs, this is fixed in the below mentioned file",
      "PostedDate": "2009-06-05T02:36:40.597-07:00",
      "Id": -2147483648
    },
    {
      "Message": "",
      "PostedDate": "2009-06-05T02:36:42.57-07:00",
      "Id": -2147483648
    },
    {
      "Message": "",
      "PostedDate": "2009-06-12T14:05:48.44-07:00",
      "Id": -2147483648
    },
    {
      "Message": "",
      "PostedDate": "2009-08-24T11:56:07.253-07:00",
      "Id": -2147483648
    },
    {
      "Message": "",
      "PostedDate": "2009-08-24T14:11:53.833-07:00",
      "Id": -2147483648
    },
    {
      "Message": "",
      "PostedDate": "2013-02-21T17:47:50.403-08:00",
      "Id": -2147483648
    },
    {
      "Message": "",
      "PostedDate": "2013-05-16T05:00:03.987-07:00",
      "Id": -2147483648
    }
  ]
}