{
  "WorkItem": {
    "AffectedComponent": {
      "Name": "",
      "DisplayName": ""
    },
    "ClosedComment": "",
    "ClosedDate": "2013-02-13T14:03:17.403-08:00",
    "CommentCount": 0,
    "Custom": null,
    "Description": "I have an Excel file which was created using by another software using OpenXml SDK. \nWhen I read this file I get an empty dataset.\nIt seems that the code is using Name property in in XmlReader instead of LocalName.\n\nRegards,\nParashar",
    "LastUpdatedDate": "2017-11-27T20:47:29.263-08:00",
    "PlannedForRelease": "",
    "ReleaseVisibleToPublic": false,
    "Priority": {
      "Name": "Low",
      "Severity": 50,
      "Id": 1
    },
    "ProjectName": "ExcelDataReader",
    "ReportedDate": "2013-01-25T01:23:12.507-08:00",
    "Status": {
      "Name": "Closed",
      "Id": 4
    },
    "ReasonClosed": {
      "Name": "Unassigned"
    },
    "Summary": "Unable to read files created by OpenXml SDK",
    "Type": {
      "Name": "Issue",
      "Id": 3
    },
    "VoteCount": 1,
    "Id": 11522
  },
  "FileAttachments": [
    {
      "FileId": 4429,
      "FileName": "Sample.xlsx",
      "DownloadUrl": ".\\4429"
    },
    {
      "FileId": 4450,
      "FileName": "Changes.zip",
      "DownloadUrl": ".\\4450"
    }
  ],
  "Comments": [
    {
      "Message": "Can you attach an example spreadsheet that has this issue?\r\n\r\nThanks\nIan",
      "PostedDate": "2013-01-25T02:46:02.55-08:00",
      "Id": -2147483648
    },
    {
      "Message": "",
      "PostedDate": "2013-01-28T05:50:21.8-08:00",
      "Id": -2147483648
    },
    {
      "Message": "Here is the sample file which is not working correctly.\r\n\r\nRegards,\nParashar",
      "PostedDate": "2013-01-28T05:50:23.36-08:00",
      "Id": -2147483648
    },
    {
      "Message": "",
      "PostedDate": "2013-02-13T11:57:10.563-08:00",
      "Id": -2147483648
    },
    {
      "Message": "",
      "PostedDate": "2013-02-13T12:08:22.58-08:00",
      "Id": -2147483648
    },
    {
      "Message": "I have a solution for this case. Attached are the changed files. Will try to upload to the repository.",
      "PostedDate": "2013-02-13T12:08:23.527-08:00",
      "Id": -2147483648
    },
    {
      "Message": "Resolved with changeset 82641: Switch to using LocalName rather Name and being NamespaceUri aware. Also, can cope with not having dimension element",
      "PostedDate": "2013-02-13T14:03:17.403-08:00",
      "Id": -2147483648
    },
    {
      "Message": "Perfect timing on that patch. I had just got to the point where I had a populated table but with empty cells due to inlinestr.\r\n\r\nPlease test latest code on your spreadsheet. It should work ok now.",
      "PostedDate": "2013-02-13T14:06:08.413-08:00",
      "Id": -2147483648
    },
    {
      "Message": "",
      "PostedDate": "2013-02-21T17:47:29.5-08:00",
      "Id": -2147483648
    },
    {
      "Message": "",
      "PostedDate": "2013-05-16T04:59:57.09-07:00",
      "Id": -2147483648
    },
    {
      "Message": "",
      "PostedDate": "2017-11-27T20:47:29.263-08:00",
      "Id": -2147483648
    }
  ]
}