{
  "WorkItem": {
    "AffectedComponent": {
      "Name": "",
      "DisplayName": ""
    },
    "ClosedComment": "",
    "ClosedDate": "2014-04-09T01:43:00.907-07:00",
    "CommentCount": 0,
    "Custom": null,
    "Description": "Hi,\nOur users will upload a protected excel (workbook and sheet) which we convert into stream and pass it to excel data reader.\nI've got the below exception from ExcelDataReader.cs (Line : 139)\n\"No data is available for encoding 6236.\"\n \nPls let me know if there is any fix for reading protected excel.\n \nThanks\nKathiravan",
    "LastUpdatedDate": "2014-04-09T01:43:00.907-07:00",
    "PlannedForRelease": "",
    "ReleaseVisibleToPublic": false,
    "Priority": {
      "Name": "Low",
      "Severity": 50,
      "Id": 1
    },
    "ProjectName": "ExcelDataReader",
    "ReportedDate": "2009-03-11T01:31:27.833-07:00",
    "Status": {
      "Name": "Closed",
      "Id": 4
    },
    "ReasonClosed": {
      "Name": "Unassigned"
    },
    "Summary": "Reading Protected Excel file throws exception",
    "Type": {
      "Name": "Issue",
      "Id": 3
    },
    "VoteCount": 2,
    "Id": 2040
  },
  "FileAttachments": [
    {
      "FileId": 809,
      "FileName": "TestExcel.xls",
      "DownloadUrl": ".\\809"
    }
  ],
  "Comments": [
    {
      "Message": "Yes that would be very good to fix.\r\nIf someone found out the fix please let us know.",
      "PostedDate": "2009-07-06T10:44:13.627-07:00",
      "Id": -2147483648
    },
    {
      "Message": "",
      "PostedDate": "2013-02-21T17:47:51.217-08:00",
      "Id": -2147483648
    },
    {
      "Message": "This is the feature im looking also. Please add thos one.",
      "PostedDate": "2014-04-08T09:33:38.2-07:00",
      "Id": -2147483648
    },
    {
      "Message": "There is no support currently for unprotect in this library. In our application we use other third-party libraries to unprotect spreadsheets before opening them with ExcelDataReader, such as SecureBlackBox (not cheap though).",
      "PostedDate": "2014-04-09T01:42:37.743-07:00",
      "Id": -2147483648
    },
    {
      "Message": "",
      "PostedDate": "2014-04-09T01:43:00.907-07:00",
      "Id": -2147483648
    }
  ]
}