{
  "WorkItem": {
    "AffectedComponent": {
      "Name": "",
      "DisplayName": ""
    },
    "ClosedComment": "",
    "ClosedDate": null,
    "CommentCount": 0,
    "Custom": null,
    "Description": "Pretty simple; code is as follows:\n\n FileInfo thisfinfo = Utilities.GetFileInFolderByIndex(1, wipboardreports_folderpath);\n FileStream stream = File.Open(thisfinfo.FullName, FileMode.Open, FileAccess.Read);        \n IExcelDataReader excelReader = ExcelReaderFactory.CreateBinaryReader(stream);\n\nFails on line three.\n\nException information:\nOUTPUT:\n\"\n...\n...\nA first chance exception of type 'System.ArgumentException' occurred in mscorlib.dll\nAn unhandled exception of type 'System.ArgumentException' occurred in mscorlib.dll\nAdditional information: An item with the same key has already been added.\n\"\n\nCALL STACK:\n\"\n \tExcel.4.5.dll!Excel.ExcelBinaryReader.readWorkBookGlobals() Line 244\t\n \tExcel.4.5.dll!Excel.ExcelBinaryReader.Initialize(System.IO.Stream fileStream) Line 917\t\n \tExcel.4.5.dll!Excel.ExcelReaderFactory.CreateBinaryReader(System.IO.Stream fileStream) Line 24\t\n\tProject2.exe!MyTestSystem.Program.Main() Line 48 + 0x9 bytes\t\n\n\"\n\n\nSystem information:\nOS: Windows 7 64 bit\nCompiler: Visual studio default?\n\n\nThanks to anyone for your help!",
    "LastUpdatedDate": "2014-05-27T01:47:26.217-07:00",
    "PlannedForRelease": "",
    "ReleaseVisibleToPublic": false,
    "Priority": {
      "Name": "Unassigned",
      "Severity": 0,
      "Id": 0
    },
    "ProjectName": "ExcelDataReader",
    "ReportedDate": "2014-05-02T08:05:29.273-07:00",
    "Status": {
      "Name": "Proposed",
      "Id": 1
    },
    "ReasonClosed": {
      "Name": "Unassigned"
    },
    "Summary": "ExcelReaderFactory.CreateBinaryReader fails",
    "Type": {
      "Name": "Unassigned",
      "Id": 5
    },
    "VoteCount": 2,
    "Id": 12992
  },
  "FileAttachments": [],
  "Comments": [
    {
      "Message": "It looks like it the spreadsheet may have a duplicated format  record.\r\n\r\nI recommend downloading the source code and checking the line it breaks on. A fix might be to add an additional line to first check that a index isn't already present in the the formats dictionary. \r\n\r\nI don't have time to do this myself right now though.\r\n\r\nWhere did the xls come from?",
      "PostedDate": "2014-05-07T02:08:53.98-07:00",
      "Id": -2147483648
    },
    {
      "Message": "This issue is not coming because of formats dictionary.\r\n\r\nIt is because of adding logs in LogManager.cs file.\nTo resolve this issue, put a condition whether key is already present or not at line no. 48 in LogManager.cs file.\r\n\r\nif(!_dictionary.ContainsKey(objectName))\n_dictionary.Add(objectName, result);\r\n\r\nI was facing the same issue and it got resolved with this update.",
      "PostedDate": "2014-05-27T01:46:42.817-07:00",
      "Id": -2147483648
    },
    {
      "Message": "",
      "PostedDate": "2014-05-27T01:47:26.217-07:00",
      "Id": -2147483648
    }
  ]
}