{
  "WorkItem": {
    "AffectedComponent": {
      "Name": "",
      "DisplayName": ""
    },
    "ClosedComment": "",
    "ClosedDate": null,
    "CommentCount": 0,
    "Custom": null,
    "Description": "when you select an excel sheet has the first column with empty cells, then the last column in sheet will not be added to the result dataset.\n\n|\t|  Name    |    Value\n|\t|  Ahmad   |    123\n|\t|  Joun\t|    555",
    "LastUpdatedDate": "2013-06-14T00:34:03.393-07:00",
    "PlannedForRelease": "",
    "ReleaseVisibleToPublic": false,
    "Priority": {
      "Name": "Low",
      "Severity": 50,
      "Id": 1
    },
    "ProjectName": "ExcelDataReader",
    "ReportedDate": "2012-12-14T18:12:57.953-08:00",
    "Status": {
      "Name": "Resolved",
      "Id": 7
    },
    "ReasonClosed": {
      "Name": "Unassigned"
    },
    "Summary": "the Last column not read",
    "Type": {
      "Name": "Issue",
      "Id": 3
    },
    "VoteCount": 1,
    "Id": 11433
  },
  "FileAttachments": [
    {
      "FileId": 4362,
      "FileName": "bug.png",
      "DownloadUrl": ".\\4362"
    }
  ],
  "Comments": [
    {
      "Message": "A fix has been added for a similar issue to this. Can you get latest source and check if this is still a problem?\r\n\r\nThanks",
      "PostedDate": "2012-12-17T04:01:09.09-08:00",
      "Id": -2147483648
    },
    {
      "Message": "",
      "PostedDate": "2012-12-17T06:00:38.673-08:00",
      "Id": -2147483648
    },
    {
      "Message": "It seems that the bug is still there. I am experiencing the same issue. I am using the latest source code.",
      "PostedDate": "2013-01-30T00:41:18.44-08:00",
      "Id": -2147483648
    },
    {
      "Message": "",
      "PostedDate": "2013-01-30T01:15:38.7-08:00",
      "Id": -2147483648
    },
    {
      "Message": "I'll take a look at it again. Are you able to provide an example spreadsheet with this problem?",
      "PostedDate": "2013-01-30T01:16:16.323-08:00",
      "Id": -2147483648
    },
    {
      "Message": "",
      "PostedDate": "2013-02-21T17:47:31.42-08:00",
      "Id": -2147483648
    },
    {
      "Message": "",
      "PostedDate": "2013-05-16T04:59:57.847-07:00",
      "Id": -2147483648
    },
    {
      "Message": "",
      "PostedDate": "2013-05-16T04:59:57.963-07:00",
      "Id": -2147483648
    },
    {
      "Message": "",
      "PostedDate": "2013-06-14T00:34:03.393-07:00",
      "Id": -2147483648
    }
  ]
}