{
  "WorkItem": {
    "AffectedComponent": {
      "Name": "",
      "DisplayName": ""
    },
    "ClosedComment": "No code change to be made to the repository, but is a good tip",
    "ClosedDate": "2014-08-04T07:52:24.273-07:00",
    "CommentCount": 0,
    "Custom": null,
    "Description": "Receiving and error when reading from stream. Access denied to temp path....? It happens when calling this method ExcelReaderFactory.CreateOpenXmlReader. \nObviously if I'm an admin on the box I dont get the error, but this is not realistic to a production site. Any thoughts?\n\nThanks",
    "LastUpdatedDate": "2014-08-04T07:52:24.273-07:00",
    "PlannedForRelease": "",
    "ReleaseVisibleToPublic": false,
    "Priority": {
      "Name": "Unassigned",
      "Severity": 0,
      "Id": 0
    },
    "ProjectName": "ExcelDataReader",
    "ReportedDate": "2013-05-22T13:23:39.197-07:00",
    "Status": {
      "Name": "Closed",
      "Id": 4
    },
    "ReasonClosed": {
      "Name": "Unassigned"
    },
    "Summary": "Access denied to temp path",
    "Type": {
      "Name": "Unassigned",
      "Id": 5
    },
    "VoteCount": 1,
    "Id": 11801
  },
  "FileAttachments": [],
  "Comments": [
    {
      "Message": "It uses this method [GetTempPath](http://msdn.microsoft.com/en-us/library/system.io.path.gettemppath.aspx) to get the system temp path. So depending on your environment set up the actual temp path used will vary. You'll need to ensure that whatever user your app is running is has permissions to that temp folder.",
      "PostedDate": "2013-05-23T01:17:25.87-07:00",
      "Id": -2147483648
    },
    {
      "Message": "Maybe too late but I fixed the problem using the SPSecurity declaration:\r\n\r\nSPSecurity.RunWithElevatedPrivileges(delegate\r\n\r\n// here your code\r\n\r\n)};\r\n\r\nHope it can help somebody else ;)",
      "PostedDate": "2014-06-25T05:39:00.233-07:00",
      "Id": -2147483648
    },
    {
      "Message": "",
      "PostedDate": "2014-08-04T07:52:24.273-07:00",
      "Id": -2147483648
    }
  ]
}