{
  "WorkItem": {
    "AffectedComponent": {
      "Name": "",
      "DisplayName": ""
    },
    "ClosedComment": "",
    "ClosedDate": "2013-03-11T04:39:21.677-07:00",
    "CommentCount": 0,
    "Custom": null,
    "Description": "i have the same  problem  in line \n\n\tcase BIFFRECORDTYPE.CODEPAGE:\n\n\t\t\t\t\t\tm_globals.CodePage = (XlsBiffSimpleValueRecord)rec;\n\n\t\t\t\t\t\ttry\n\t\t\t\t\t\t{\n\t\t\t\t\t\t\tm_encoding = Encoding.GetEncoding(m_globals.CodePage.Value);\n\t\t\t\t\t\t}\n\t\t\t\t\t\tcatch (ArgumentException)\n\t\t\t\t\t\t{\n\t\t\t\t\t\t\t// Warning - Password protection\n\t\t\t\t\t\t\t// TODO: Attach to ILog\n\t\t\t\t\t\t}\n\n//-----------------------------------------------------------------------------\nm_globals.CodePage.Value\t27651\n\n///////////////////////////////\nAfter I covnverted  the same file  to  XLSX  and  back save as  XLS \nthe code \nm_globals.CodePage.Value\t1200\n\nand  it works file \n///////////////////////////////////////////////////////\n\n\nThe code and data  sample \n\n[TEXT](http://67.166.244.118/~arthur/books/short.zip)",
    "LastUpdatedDate": "2013-05-16T04:59:56.297-07:00",
    "PlannedForRelease": "",
    "ReleaseVisibleToPublic": false,
    "Priority": {
      "Name": "Low",
      "Severity": 50,
      "Id": 1
    },
    "ProjectName": "ExcelDataReader",
    "ReportedDate": "2013-02-13T14:56:54.563-08:00",
    "Status": {
      "Name": "Closed",
      "Id": 4
    },
    "ReasonClosed": {
      "Name": "Unassigned"
    },
    "Summary": "Exception reading binary XLS file code page",
    "Type": {
      "Name": "Issue",
      "Id": 3
    },
    "VoteCount": 1,
    "Id": 11572
  },
  "FileAttachments": [],
  "Comments": [
    {
      "Message": "Confirmed that this spreadsheet fails, however .net frame work does not support code page 27651, so as this is a very marginal issue I don't think this will be fixed, so closing.",
      "PostedDate": "2013-03-11T04:39:21.677-07:00",
      "Id": -2147483648
    },
    {
      "Message": "Associated with changeset 82884: ignore code page 27651 issue",
      "PostedDate": "2013-03-11T04:41:35.887-07:00",
      "Id": -2147483648
    },
    {
      "Message": "",
      "PostedDate": "2013-05-16T04:59:56.297-07:00",
      "Id": -2147483648
    }
  ]
}