{
  "WorkItem": {
    "AffectedComponent": {
      "Name": "",
      "DisplayName": ""
    },
    "ClosedComment": "",
    "ClosedDate": null,
    "CommentCount": 0,
    "Custom": null,
    "Description": "I am using Excel Data Reader 2.1.2.0. In dataset I get a lot of blank rows that are obviously blank rows in excel.\nHow can I filter blank records? Is there any out of box functionality in excel data reader?",
    "LastUpdatedDate": "2014-10-24T08:58:32.783-07:00",
    "PlannedForRelease": "",
    "ReleaseVisibleToPublic": false,
    "Priority": {
      "Name": "Unassigned",
      "Severity": 0,
      "Id": 0
    },
    "ProjectName": "ExcelDataReader",
    "ReportedDate": "2014-10-16T21:41:34.88-07:00",
    "Status": {
      "Name": "Proposed",
      "Id": 1
    },
    "ReasonClosed": {
      "Name": "Unassigned"
    },
    "Summary": "Dataset contains blank rows",
    "Type": {
      "Name": "Unassigned",
      "Id": 5
    },
    "VoteCount": 2,
    "Id": 13289
  },
  "FileAttachments": [],
  "Comments": [
    {
      "Message": "I ended up removing empty rows from dataset like:\r\n\r\n            foreach (DataTable source in result.Tables)\n            {\n                for (int i = source.Rows.Count; i >= 1; i--)\n                {\n                    DataRow currentRow = source.Rows[i - 1];\n                    foreach (var colValue in currentRow.ItemArray)\n                    {\n                        if (!string.IsNullOrEmpty(colValue.ToString()))\n                            break;\r\n\r\n                        // If we get here, all the columns are empty\n                        source.Rows[i - 1].Delete();\n                    }\n                }\n            }\n            result.AcceptChanges();\n",
      "PostedDate": "2014-10-16T23:39:28.68-07:00",
      "Id": -2147483648
    },
    {
      "Message": "",
      "PostedDate": "2014-10-24T08:58:32.783-07:00",
      "Id": -2147483648
    }
  ]
}