{
  "WorkItem": {
    "AffectedComponent": {
      "Name": "",
      "DisplayName": ""
    },
    "ClosedComment": "",
    "ClosedDate": null,
    "CommentCount": 0,
    "Custom": null,
    "Description": "I m facing an issues using this library :\n\nI generated the excel using Table2Excel  Jquery Plugin, the file path  is correct and tried with both .xls and .xlsx but \nan unable to read the excel .\n\nPlease help my stuck since last two days.",
    "LastUpdatedDate": "2017-10-24T01:22:49.21-07:00",
    "PlannedForRelease": "",
    "ReleaseVisibleToPublic": false,
    "Priority": {
      "Name": "Unassigned",
      "Severity": 0,
      "Id": 0
    },
    "ProjectName": "ExcelDataReader",
    "ReportedDate": "2017-10-24T01:16:16.553-07:00",
    "Status": {
      "Name": "Proposed",
      "Id": 1
    },
    "ReasonClosed": {
      "Name": "Unassigned"
    },
    "Summary": "cannot find central directory",
    "Type": {
      "Name": "Unassigned",
      "Id": 5
    },
    "VoteCount": 1,
    "Id": 14144
  },
  "FileAttachments": [],
  "Comments": []
}