{
  "WorkItem": {
    "AffectedComponent": {
      "Name": "",
      "DisplayName": ""
    },
    "ClosedComment": "",
    "ClosedDate": null,
    "CommentCount": 0,
    "Custom": null,
    "Description": "I am using excel data reader of v2.1 The attached report is an excerpt from autogenerated report which I need to read and actual data do not start from row 1 and cell A. Could we have like StartRowIndex and StartCellIndex configuration properties to populate DataSet only with meaningful data which contain only data from data rows and not from first 6 rows and column A?",
    "LastUpdatedDate": "2013-05-28T04:50:59.11-07:00",
    "PlannedForRelease": "",
    "ReleaseVisibleToPublic": false,
    "Priority": {
      "Name": "Unassigned",
      "Severity": 0,
      "Id": 0
    },
    "ProjectName": "ExcelDataReader",
    "ReportedDate": "2013-05-28T04:00:26.603-07:00",
    "Status": {
      "Name": "Proposed",
      "Id": 1
    },
    "ReasonClosed": {
      "Name": "Unassigned"
    },
    "Summary": "Report with data starting from row index other than 0.",
    "Type": {
      "Name": "Unassigned",
      "Id": 5
    },
    "VoteCount": 1,
    "Id": 11816
  },
  "FileAttachments": [
    {
      "FileId": 4552,
      "FileName": "TestReport.xls",
      "DownloadUrl": ".\\4552"
    }
  ],
  "Comments": [
    {
      "Message": "Data can continue in the next sheet but they start from row with index 0 in this case.",
      "PostedDate": "2013-05-28T04:14:41.147-07:00",
      "Id": -2147483648
    },
    {
      "Message": "I understand why you want, but it is not likely to get done unless a lot of people want this. It shouldn't be too hard to do though, if you want to have a go yourself. Submit a patch and I'll try and incorporate it.",
      "PostedDate": "2013-05-28T04:50:59.11-07:00",
      "Id": -2147483648
    }
  ]
}