[
  {
    "Id": 717,
    "Title": "2007 File Format Support"
  },
  {
    "Id": 834,
    "Title": "Wrong double value by Dejan_Dujak"
  },
  {
    "Id": 1109,
    "Title": "Precision lost when reading decimal field"
  },
  {
    "Id": 1468,
    "Title": "Dates represented as numeric values"
  },
  {
    "Id": 1519,
    "Title": "Forumular strings not returned as junk text"
  },
  {
    "Id": 1520,
    "Title": "Forumular strings returned as junk text"
  },
  {
    "Id": 2040,
    "Title": "Reading Protected Excel file throws exception"
  },
  {
    "Id": 2589,
    "Title": "Uncalced state"
  },
  {
    "Id": 3021,
    "Title": "Excel with Hyperlinks"
  },
  {
    "Id": 3094,
    "Title": "Data retrieved not consistent"
  },
  {
    "Id": 3194,
    "Title": "Invalid data sheet return in AsDataSet (OpenXmlReader)"
  },
  {
    "Id": 3199,
    "Title": "UK Date format not handled"
  },
  {
    "Id": 3331,
    "Title": "Index out of bound Error"
  },
  {
    "Id": 3332,
    "Title": "When the data is present only is the column A1"
  },
  {
    "Id": 3373,
    "Title": "Dispose() throws exceptions"
  },
  {
    "Id": 3485,
    "Title": "Possible bug with NextResult in ExcelOpenXmlReader()"
  },
  {
    "Id": 3488,
    "Title": "Error reading stream from FAT area."
  },
  {
    "Id": 3511,
    "Title": "XLSX First Column Empty Causes Error: Input string was not in a correct format."
  },
  {
    "Id": 3526,
    "Title": "Request for first row to be used as header flag/property"
  },
  {
    "Id": 3697,
    "Title": "Turkish Date Format"
  },
  {
    "Id": 3761,
    "Title": "Will lost data in certain condition"
  },
  {
    "Id": 3762,
    "Title": "The sheet id may not point to \"sheet{sheet id}.xml\""
  },
  {
    "Id": 3796,
    "Title": "Number of worksheets visible in Excel2007 seems limited to 2"
  },
  {
    "Id": 4031,
    "Title": "Blank column problem (xlsx only)"
  },
  {
    "Id": 4145,
    "Title": "index out of range exception"
  },
  {
    "Id": 4523,
    "Title": "Reading the last row"
  },
  {
    "Id": 4601,
    "Title": "XLS Blank Calculated Columns (with proposed fix)"
  },
  {
    "Id": 4734,
    "Title": "IExcelDataReader.AsDataSet() returns 0 tables when spreadsheet has only 1 value."
  },
  {
    "Id": 4841,
    "Title": "2007 xlsx support -- doesn't support sharedStrings"
  },
  {
    "Id": 4912,
    "Title": "Excel Data Reader cannot read underscored text and other Rich Texts like bullets."
  },
  {
    "Id": 4978,
    "Title": "Cannot show the correct title"
  },
  {
    "Id": 4990,
    "Title": "Duplicate Column Values on Excel 2007"
  },
  {
    "Id": 5161,
    "Title": "The process cannot access the file 'sheet1.xml' because it is being used by another process."
  },
  {
    "Id": 5300,
    "Title": "No return data if first sheet has a sheetid greater than 1"
  },
  {
    "Id": 5320,
    "Title": "Missing some cell values from .xlsx file"
  },
  {
    "Id": 5446,
    "Title": "Missing values and strange rounding in xlsx file"
  },
  {
    "Id": 5540,
    "Title": "Incorrect empty value"
  },
  {
    "Id": 5640,
    "Title": "Silverlight port solution structure and SharpZipLib not signed"
  },
  {
    "Id": 5672,
    "Title": "Silverlight version cannot read OpenXML files"
  },
  {
    "Id": 5842,
    "Title": "Excel indexes on <si> and Excel Data Reader indexes on <t>"
  },
  {
    "Id": 5910,
    "Title": "Does not handle non-shared strings / The process cannot access the file"
  },
  {
    "Id": 6027,
    "Title": "Chinese encoding reading error"
  },
  {
    "Id": 6066,
    "Title": "ExcelReaderFactory.CreateBinaryReader throwing error"
  },
  {
    "Id": 6154,
    "Title": "Excel Data Reader skips the cell when reading xlsx file"
  },
  {
    "Id": 6261,
    "Title": "Relationships are not used to get the right xml files"
  },
  {
    "Id": 6267,
    "Title": "Crystal Reports for VS 2008"
  },
  {
    "Id": 7433,
    "Title": "have bug \"Not a legal OleAut date.\""
  },
  {
    "Id": 7480,
    "Title": "No data returned from AsDataSet for XLS files generated with Spreadsheet::WriteExcel perl module (with fix)"
  },
  {
    "Id": 7569,
    "Title": "Error reading from diferent CultureInfos"
  },
  {
    "Id": 7570,
    "Title": "Error reading double value from diferent CultureInfos"
  },
  {
    "Id": 7704,
    "Title": "Small Change to"
  },
  {
    "Id": 8000,
    "Title": "Not reading all the books"
  },
  {
    "Id": 8024,
    "Title": "reading using encoding iso-8859-1"
  },
  {
    "Id": 8285,
    "Title": "\"#REF!\" string in cell is read as null"
  },
  {
    "Id": 8524,
    "Title": "Does not work with OpenOffice XLS files"
  },
  {
    "Id": 8526,
    "Title": "Use Datetime.FromOADate for DateTime columns"
  },
  {
    "Id": 8536,
    "Title": "Preserve Datatypes in AsDataSet plus bugfixes"
  },
  {
    "Id": 8559,
    "Title": "Hidden Sheets"
  },
  {
    "Id": 8596,
    "Title": "rec is XlsBiffSimpleValueRecord -> can't not read"
  },
  {
    "Id": 8605,
    "Title": "Does not read boolean values"
  },
  {
    "Id": 8609,
    "Title": "To add methods: Try... etc."
  },
  {
    "Id": 8635,
    "Title": "Dataset Showing decimals as Exponential values"
  },
  {
    "Id": 8654,
    "Title": "Error using ExcelReaderFactory.CreateOpenXmlReader(stream)"
  },
  {
    "Id": 8763,
    "Title": "Issue: wrong result"
  },
  {
    "Id": 8796,
    "Title": "IsFirstRowAsColumnNames not working correctly"
  },
  {
    "Id": 8808,
    "Title": "Unexpected null members when reading XLSX with Excel Data Reader"
  },
  {
    "Id": 8969,
    "Title": "Error parsing XLSX: missing data from resulting dataset (attached sample file AND FIX)"
  },
  {
    "Id": 9445,
    "Title": "Error reading xlsx"
  },
  {
    "Id": 9454,
    "Title": "Please help out me for excell read , its very urgent?"
  },
  {
    "Id": 9496,
    "Title": "That assembly does not allow partially trusted callers"
  },
  {
    "Id": 9563,
    "Title": "XLSX not working in .NET Framework 4.0"
  },
  {
    "Id": 9658,
    "Title": "whenever data deleted from columns (not entire row from.xls file) still it is recognizing as data rows"
  },
  {
    "Id": 9659,
    "Title": "Its observed that, whenever data given with single decimal value, its reading as multiple decimal value with more than two precision"
  },
  {
    "Id": 9667,
    "Title": "ZipWorker.NewTempPath() Multithreading Issue & Fix"
  },
  {
    "Id": 9820,
    "Title": "Its observed that, whenever data given in the first cell, its not recognizing data from second cell too"
  },
  {
    "Id": 9852,
    "Title": "Need 1904 Date System Handling"
  },
  {
    "Id": 10049,
    "Title": "Culture problem and unlinked files"
  },
  {
    "Id": 10121,
    "Title": "Incorrect detection of the last row for certain BIFF8 files"
  },
  {
    "Id": 10306,
    "Title": "No data returned from .xls file if column and rows are hidden"
  },
  {
    "Id": 10343,
    "Title": "Some xlsx files do not work and show 0 records?"
  },
  {
    "Id": 10452,
    "Title": "Not a legal OleAut date. for number column"
  },
  {
    "Id": 10643,
    "Title": "cause memory problem in win2008 64bit"
  },
  {
    "Id": 10649,
    "Title": "Could not load file or assembly 'Excel, Version 2.0.1.0, Culture=neutral..."
  },
  {
    "Id": 10650,
    "Title": "Could not load file or assembly 'Excel, Version 2.0.1.0, Culture=neutral..."
  },
  {
    "Id": 10665,
    "Title": "Cannot delete file or folder because it is use by another process."
  },
  {
    "Id": 10688,
    "Title": "\"Excel.ExcelBinaryReader.findFirstDataCellOffset\" crashes if there are XlsBiffRecord entries after the specified offset"
  },
  {
    "Id": 10689,
    "Title": "\"Excel.ExcelBinaryReader.moveToNextRecord\" forces the m_canRead to true"
  },
  {
    "Id": 10714,
    "Title": "Will not import a single column of data when not starting at A1"
  },
  {
    "Id": 10725,
    "Title": "Read decimal wrong in xlsx format."
  },
  {
    "Id": 10739,
    "Title": "Unable to read my sheet"
  },
  {
    "Id": 10844,
    "Title": "ExcelReader problem for .xls file(date issue)"
  },
  {
    "Id": 10876,
    "Title": "I have an excel spreadsheet and the code fails to read columns that have actual values"
  },
  {
    "Id": 10910,
    "Title": "excel reader not reading decimal values properly"
  },
  {
    "Id": 10936,
    "Title": "Index was outside the bounds of the array."
  },
  {
    "Id": 10969,
    "Title": "Facing a strange issue while reading my excel file"
  },
  {
    "Id": 10970,
    "Title": "Unable to read a macro enabled excel file using Excel Data Reader"
  },
  {
    "Id": 11050,
    "Title": "The ReadElementContentAsObject method is not supported on node type EndElement."
  },
  {
    "Id": 11065,
    "Title": "In Excel 2007 Numeric Value 58.9285484 is read as 58.928548399999997"
  },
  {
    "Id": 11075,
    "Title": "While excelReader.Read()"
  },
  {
    "Id": 11089,
    "Title": "How to allow duplicate column names in worksheet"
  },
  {
    "Id": 11397,
    "Title": "Currency detected as date"
  },
  {
    "Id": 11406,
    "Title": "Error masked if IOException in cleanup code inside error handler"
  },
  {
    "Id": 11433,
    "Title": "the Last column not read"
  },
  {
    "Id": 11435,
    "Title": "Colored Text cant read from Excel sheet"
  },
  {
    "Id": 11436,
    "Title": "XLS Formula comes out as 0.0 instead of value"
  },
  {
    "Id": 11455,
    "Title": "Cannot find central directory"
  },
  {
    "Id": 11460,
    "Title": "Error in Reading Files having Rows <10 and Columns <12 Created by NPOI"
  },
  {
    "Id": 11479,
    "Title": "Empty sheets after non-empty sheets are read in as having one field"
  },
  {
    "Id": 11508,
    "Title": "Please add ICSharpCode.SharpZipLib dependency to NuGet package"
  },
  {
    "Id": 11516,
    "Title": "return null dataset, open xls file only have 1 sheet"
  },
  {
    "Id": 11518,
    "Title": "Nuget package"
  },
  {
    "Id": 11522,
    "Title": "Unable to read files created by OpenXml SDK"
  },
  {
    "Id": 11538,
    "Title": "Error reading binary (.xls) file"
  },
  {
    "Id": 11545,
    "Title": "Reading xls file with No Index returns a datatable with empty rows"
  },
  {
    "Id": 11553,
    "Title": "File with corrupt or missing internal FAT structure cannot be opened"
  },
  {
    "Id": 11554,
    "Title": "Can't read some old excel file"
  },
  {
    "Id": 11556,
    "Title": "Issue with Culture de-DE (and maybe others as well)"
  },
  {
    "Id": 11570,
    "Title": "2.1.beta is broken for .xls"
  },
  {
    "Id": 11572,
    "Title": "Exception reading binary XLS file code page"
  },
  {
    "Id": 11573,
    "Title": "Values are not loaded (.xls file)"
  },
  {
    "Id": 11599,
    "Title": "ExcelBinaryReader - need to optionally convert OADates without explicit AsDataSet or GetDateTime calls"
  },
  {
    "Id": 11601,
    "Title": "ExcelBinaryReader:  GetDateTime(..) call can sometimes reprocess cell values already stored as DateTime"
  },
  {
    "Id": 11602,
    "Title": "ExcelBinaryReader - Ability to check Sheet Name before first Read() operation"
  },
  {
    "Id": 11603,
    "Title": "ExcelOpenXmlReader - In some cases, string values in date formatted cells can be read incorrectly"
  },
  {
    "Id": 11629,
    "Title": "Select only few columns from the excel sheet"
  },
  {
    "Id": 11636,
    "Title": "\"BIFF Stream error\" when converting to dataset"
  },
  {
    "Id": 11639,
    "Title": "Specified argument was out of the range of valid values."
  },
  {
    "Id": 11642,
    "Title": "Values are not loaded v2"
  },
  {
    "Id": 11644,
    "Title": "CreateBinaryReader(HttpInputStream)"
  },
  {
    "Id": 11681,
    "Title": "Null exception at ExcelBinaryReader.cs line 345"
  },
  {
    "Id": 11699,
    "Title": "worksheet name is not captured in DataSet"
  },
  {
    "Id": 11714,
    "Title": "Name threw an exception of type 'System.ArgumentOutOfRangeException'"
  },
  {
    "Id": 11715,
    "Title": "excelReader.AsDataSet(); returns null for Excel 4.0 XLS"
  },
  {
    "Id": 11773,
    "Title": "Exponential problem when load a .xlsx"
  },
  {
    "Id": 11788,
    "Title": "Cannot open .xls files"
  },
  {
    "Id": 11797,
    "Title": "method GetValues returns System.NotSupportedException"
  },
  {
    "Id": 11799,
    "Title": "method Read returns System.SystemException"
  },
  {
    "Id": 11801,
    "Title": "Access denied to temp path"
  },
  {
    "Id": 11816,
    "Title": "Report with data starting from row index other than 0."
  },
  {
    "Id": 11818,
    "Title": "Error loading file"
  },
  {
    "Id": 11822,
    "Title": "Not all rows are read from XLS file when its dimension is not correctly set."
  },
  {
    "Id": 11826,
    "Title": "Issue with using Encoding.Default.GetString"
  },
  {
    "Id": 11827,
    "Title": "Poor performance when reading non indexed XLS file."
  },
  {
    "Id": 11860,
    "Title": "Date incorrectly read as Double"
  },
  {
    "Id": 11864,
    "Title": "Can't capture empty sheet"
  },
  {
    "Id": 11865,
    "Title": "read excel files with special encoding"
  },
  {
    "Id": 11881,
    "Title": "IndexOutOfRangeException - array for cell values too small"
  },
  {
    "Id": 11907,
    "Title": "Excel Data Reader - handle version 5 xls files"
  },
  {
    "Id": 11928,
    "Title": "GetValue returns empty string for cells in some xls files"
  },
  {
    "Id": 11935,
    "Title": "Exceptions from reading zip in danger of getting ignored"
  },
  {
    "Id": 11965,
    "Title": "Cannot find central directory"
  },
  {
    "Id": 11988,
    "Title": "\"Stream does not support seeking.\""
  },
  {
    "Id": 12056,
    "Title": "Remove ICSharpCode.SharpZipLib dependency"
  },
  {
    "Id": 12065,
    "Title": "In not able to add Excel.dll in silverlght 5"
  },
  {
    "Id": 12115,
    "Title": "Issue with blank cells in XLSX files."
  },
  {
    "Id": 12188,
    "Title": "Not able to import xls file saved in Excel 2010 as xls file"
  },
  {
    "Id": 12253,
    "Title": "Xlsx exported from Google Docs have no data"
  },
  {
    "Id": 12271,
    "Title": "Xlsx with multiple sheets has no first row on last sheet"
  },
  {
    "Id": 12354,
    "Title": "v.2.0.1.0 source code"
  },
  {
    "Id": 12385,
    "Title": "crystal report xls: Neither stream 'Workbook' nor 'Book' was found in file"
  },
  {
    "Id": 12440,
    "Title": "ArgumentOutOfRange creating binary reader"
  },
  {
    "Id": 12455,
    "Title": "Example of excel file returning no datasets - OpenXmlReader"
  },
  {
    "Id": 12456,
    "Title": "DateTime parsing error - the OADate is wrong"
  },
  {
    "Id": 12459,
    "Title": "Usage problem under mono"
  },
  {
    "Id": 12493,
    "Title": "Could not load file or assembly 'Excel, Version=2.0.1.0, Culture=neutral, PublicKeyToken=null' or one of its dependencies."
  },
  {
    "Id": 12505,
    "Title": "ERROR - Extra data contains Zip64 information but version 2.0 is not high enough"
  },
  {
    "Id": 12540,
    "Title": "System.Security.SecurityException in Windows Shared hosting"
  },
  {
    "Id": 12556,
    "Title": "Corrupt XLS file goes into infinite loop"
  },
  {
    "Id": 12561,
    "Title": "Not work with ICSharpCode.SharpZipLib 0.86"
  },
  {
    "Id": 12605,
    "Title": "Inaccurate column count causes data to be missed."
  },
  {
    "Id": 12647,
    "Title": "First row always skipped (CreateBinaryReader, AsDataSet)"
  },
  {
    "Id": 12648,
    "Title": "Missing cell values after empty lines in a binary sheet"
  },
  {
    "Id": 12667,
    "Title": "Google drive exported xlsx is missing columns"
  },
  {
    "Id": 12738,
    "Title": "Excel Versions Supported?"
  },
  {
    "Id": 12759,
    "Title": "ExcelDataReader 2.1.2.0 Nuget Package is wrong"
  },
  {
    "Id": 12774,
    "Title": "OpenXmlReader reading DateTime instead of OADate"
  },
  {
    "Id": 12778,
    "Title": "ExcelDataReader can't find ICSharpCode.SharpZipLib"
  },
  {
    "Id": 12820,
    "Title": "XLS file issue: Object reference not set to an instance of an object"
  },
  {
    "Id": 12834,
    "Title": "binary reader not returning all rows"
  },
  {
    "Id": 12857,
    "Title": "Default name for columns with no name"
  },
  {
    "Id": 12874,
    "Title": "No data is available for encoding"
  },
  {
    "Id": 12876,
    "Title": "unable to read an excel file"
  },
  {
    "Id": 12909,
    "Title": "OpenOffice Table Rows Count problem"
  },
  {
    "Id": 12931,
    "Title": "XlsBiffRecord.ReadStrings does not handle all cases correctly"
  },
  {
    "Id": 12936,
    "Title": "Multithreaded Read"
  },
  {
    "Id": 12992,
    "Title": "ExcelReaderFactory.CreateBinaryReader fails"
  },
  {
    "Id": 12993,
    "Title": "Date issue with ExcelReaderFactory.CreateBinaryReader()"
  },
  {
    "Id": 12996,
    "Title": "ExcelDataReader 2.1.2.2 references incorrect SharpZipLib version in NuGet package in .NET 4.x versions"
  },
  {
    "Id": 13071,
    "Title": "Unable to read full cell data"
  },
  {
    "Id": 13090,
    "Title": "XlsStream.ReadStream hangs on corrupted file"
  },
  {
    "Id": 13097,
    "Title": "ExcelCsvReader - CSV reader implementation"
  },
  {
    "Id": 13099,
    "Title": "Problems with references in an excel sheet"
  },
  {
    "Id": 13101,
    "Title": "Columns skipped when DIMENSION record is incorrect"
  },
  {
    "Id": 13189,
    "Title": "Set date type to european format"
  },
  {
    "Id": 13222,
    "Title": "Non-negative number required. Parameter name: count"
  },
  {
    "Id": 13246,
    "Title": "Build scripts for compact framework is out of date"
  },
  {
    "Id": 13289,
    "Title": "Dataset contains blank rows"
  },
  {
    "Id": 13293,
    "Title": "reader = ExcelReaderFactory.CreateOpenXmlReader(stream);"
  },
  {
    "Id": 13301,
    "Title": "samples"
  },
  {
    "Id": 13335,
    "Title": "Large Numbers are being converted into scientific notation"
  },
  {
    "Id": 13458,
    "Title": "cell values are not updated when using a formula. Required to open Excel file"
  },
  {
    "Id": 13480,
    "Title": "Please remove dependency on SharpZipLib its GPL"
  },
  {
    "Id": 13502,
    "Title": "The directory is not empty"
  },
  {
    "Id": 13523,
    "Title": "Excel DataReader is not reading the data from xls file"
  },
  {
    "Id": 13556,
    "Title": "Will not open binary Excel file"
  },
  {
    "Id": 13568,
    "Title": "Can't reference column by name? (non-DataTable)"
  },
  {
    "Id": 13626,
    "Title": "I want to check excel sheet contains formula and Filter in any cell? IS it possible in Excel Data reader?"
  },
  {
    "Id": 13671,
    "Title": "Can't read columns when header row has a trailing space"
  },
  {
    "Id": 13688,
    "Title": "Numeric strings are converted to numbers"
  },
  {
    "Id": 13692,
    "Title": "excel data reader does not allow to read excel file simultaneously"
  },
  {
    "Id": 13737,
    "Title": "ExcelDataread cannot read google sheet saved as xlsx"
  },
  {
    "Id": 13760,
    "Title": "Trouble accessing ICSharpCode.SharpZipLib.dll in 3rd party software"
  },
  {
    "Id": 13764,
    "Title": "Excel Data Reader unable to read all columns data"
  },
  {
    "Id": 13767,
    "Title": "Can i read xls file from given url?.. Help me"
  },
  {
    "Id": 13775,
    "Title": "Reading 2 excel files simultaneously gives an exception"
  },
  {
    "Id": 13835,
    "Title": "SeekErrormmemoryStream.cs"
  },
  {
    "Id": 13921,
    "Title": "Converting a text field to datetime incorrectly"
  },
  {
    "Id": 13989,
    "Title": "Import with formula issue."
  },
  {
    "Id": 14026,
    "Title": "How to Add New Header Names?"
  },
  {
    "Id": 14041,
    "Title": "issue with some hidden chars"
  },
  {
    "Id": 14042,
    "Title": "issue with some hidden chars"
  },
  {
    "Id": 14084,
    "Title": "e+15 in my values"
  },
  {
    "Id": 14095,
    "Title": "FillWeight values cannot exceed 65535"
  },
  {
    "Id": 14122,
    "Title": "Error for Excel Data Reader"
  },
  {
    "Id": 14123,
    "Title": "Exceldatareader is not supporting .XLSB file"
  },
  {
    "Id": 14140,
    "Title": "File permissions required by ExcelDataReader"
  },
  {
    "Id": 14144,
    "Title": "cannot find central directory"
  }
]