{
  "WorkItem": {
    "AffectedComponent": {
      "Name": "",
      "DisplayName": ""
    },
    "ClosedComment": "",
    "ClosedDate": "2013-01-17T04:17:30.093-08:00",
    "CommentCount": 0,
    "Custom": null,
    "Description": "BIFFRECORDTYPE entries can be found, in some cases, at the specified offset. The solution is to loop over the entries and increase the offset until you actually find the first XlsBiffDbCell, here's the code to fix it:\n \nprivate int findFirstDataCellOffset(int startOffset)\n\t\t{\n            // Some malformed .xls files can have BIFFRECORDTYPE\n            // entries before the first XlsBiffDbCell, so it's\n            // important to loop over these untill we actually\n            // find the first XlsBiffDbCell.\n            XlsBiffRecord record = m_stream.ReadAt(startOffset);\n            while (!(record is XlsBiffDbCell))\n            {\n                startOffset += record.Size;\n                record = m_stream.ReadAt(startOffset);\n            }\n \n            XlsBiffDbCell startCell = (XlsBiffDbCell)record;\n \nI am unable to checkout the code, hence I am unable to generate a patch, and thus I am forced to dump code in the issue tracker, isn't codeplex wonderful.",
    "LastUpdatedDate": "2017-11-27T20:47:28.24-08:00",
    "PlannedForRelease": "",
    "ReleaseVisibleToPublic": false,
    "Priority": {
      "Name": "Low",
      "Severity": 50,
      "Id": 1
    },
    "ProjectName": "ExcelDataReader",
    "ReportedDate": "2012-04-23T23:29:00.613-07:00",
    "Status": {
      "Name": "Closed",
      "Id": 4
    },
    "ReasonClosed": {
      "Name": "Unassigned"
    },
    "Summary": "\"Excel.ExcelBinaryReader.findFirstDataCellOffset\" crashes if there are XlsBiffRecord entries after the specified offset",
    "Type": {
      "Name": "Issue",
      "Id": 3
    },
    "VoteCount": 1,
    "Id": 10688
  },
  "FileAttachments": [],
  "Comments": [
    {
      "Message": "This does work, but my resulting dataset now contains lots of empty rows (and cell values that have been cut off, but that might be something else).",
      "PostedDate": "2013-01-14T00:56:22.6-08:00",
      "Id": -2147483648
    },
    {
      "Message": "",
      "PostedDate": "2013-01-14T02:20:08.32-08:00",
      "Id": -2147483648
    },
    {
      "Message": "Stops the crash, but the dataset is now garbage (not reading column names from first row and blank data).",
      "PostedDate": "2013-01-16T15:15:55.137-08:00",
      "Id": -2147483648
    },
    {
      "Message": "Resolved with changeset 82317: Should now read open office 3 excel binary files.",
      "PostedDate": "2013-01-17T03:54:34.89-08:00",
      "Id": -2147483648
    },
    {
      "Message": "** Closed by Ian1971 17/01/2013 03:54",
      "PostedDate": "2013-01-17T04:05:45.753-08:00",
      "Id": -2147483648
    },
    {
      "Message": "SSRS generated files seem to have this problem",
      "PostedDate": "2013-01-17T04:05:46.023-08:00",
      "Id": -2147483648
    },
    {
      "Message": "",
      "PostedDate": "2013-01-17T04:06:15.453-08:00",
      "Id": -2147483648
    },
    {
      "Message": "Resolved with changeset 82321: Changed as per issue. Tested it with a local SSRS file but cannot write unit test as need non-sensitive SSRS file.",
      "PostedDate": "2013-01-17T04:17:30.093-08:00",
      "Id": -2147483648
    },
    {
      "Message": "",
      "PostedDate": "2013-02-21T17:47:34.517-08:00",
      "Id": -2147483648
    },
    {
      "Message": "",
      "PostedDate": "2013-05-16T04:59:58.72-07:00",
      "Id": -2147483648
    },
    {
      "Message": "",
      "PostedDate": "2017-11-27T20:47:28.24-08:00",
      "Id": -2147483648
    }
  ]
}