{
  "WorkItem": {
    "AffectedComponent": {
      "Name": "",
      "DisplayName": ""
    },
    "ClosedComment": "",
    "ClosedDate": "2012-12-14T03:39:31.03-08:00",
    "CommentCount": 0,
    "Custom": null,
    "Description": "The dataset methods do not return data in the datatype saved in the excel file. The following changes will:1) Preserve datatypes2) Fix issues erroneously converting numbers into dates by looking up formats from extended format records3) Fix xml encoded characters4) Fix failed reads of boolean cells in binary reader5) Fix date translation bug of 1/1/1900 Hopefully not too many issues with these mods :-)",
    "LastUpdatedDate": "2013-05-16T04:59:59.243-07:00",
    "PlannedForRelease": "",
    "ReleaseVisibleToPublic": false,
    "Priority": {
      "Name": "Low",
      "Severity": 50,
      "Id": 1
    },
    "ProjectName": "ExcelDataReader",
    "ReportedDate": "2011-03-17T15:20:00.213-07:00",
    "Status": {
      "Name": "Closed",
      "Id": 4
    },
    "ReasonClosed": {
      "Name": "Unassigned"
    },
    "Summary": "Preserve Datatypes in AsDataSet plus bugfixes",
    "Type": {
      "Name": "Issue",
      "Id": 3
    },
    "VoteCount": 1,
    "Id": 8536
  },
  "FileAttachments": [
    {
      "FileId": 3205,
      "FileName": "Excel.zip",
      "DownloadUrl": ".\\3205"
    },
    {
      "FileId": 3313,
      "FileName": "WorkItem8536.patch",
      "DownloadUrl": ".\\3313"
    },
    {
      "FileId": 3314,
      "FileName": "WorkItem8536.patch",
      "DownloadUrl": ".\\3314"
    }
  ],
  "Comments": [
    {
      "Message": "Changes in patch format",
      "PostedDate": "2011-04-21T13:32:02.64-07:00",
      "Id": -2147483648
    },
    {
      "Message": "",
      "PostedDate": "2011-04-21T13:32:07.347-07:00",
      "Id": -2147483648
    },
    {
      "Message": "Changes in patch format",
      "PostedDate": "2011-04-21T13:32:11.497-07:00",
      "Id": -2147483648
    },
    {
      "Message": "",
      "PostedDate": "2011-04-21T13:32:13.067-07:00",
      "Id": -2147483648
    },
    {
      "Message": "",
      "PostedDate": "2012-12-11T08:25:05.137-08:00",
      "Id": -2147483648
    },
    {
      "Message": "Unit test written and changes applied.\nAlso fixed up booleans for xlsx",
      "PostedDate": "2012-12-12T08:08:08.95-08:00",
      "Id": -2147483648
    },
    {
      "Message": "",
      "PostedDate": "2012-12-14T03:39:31.03-08:00",
      "Id": -2147483648
    },
    {
      "Message": "Hi, How to apply the patch?\r\n\r\nhttp://exceldatareader.codeplex.com/workitem/8536\r\n\r\n\nThanks in advance!",
      "PostedDate": "2013-01-02T05:32:04.74-08:00",
      "Id": -2147483648
    },
    {
      "Message": "",
      "PostedDate": "2013-02-21T17:47:41.01-08:00",
      "Id": -2147483648
    },
    {
      "Message": "",
      "PostedDate": "2013-05-16T04:59:59.243-07:00",
      "Id": -2147483648
    }
  ]
}