{
  "WorkItem": {
    "AffectedComponent": {
      "Name": "",
      "DisplayName": ""
    },
    "ClosedComment": "Resolved in the last release version.",
    "ClosedDate": "2009-08-24T14:12:43.427-07:00",
    "CommentCount": 0,
    "Custom": null,
    "Description": "When the data is present only in the column A1, data is not being retrived. By analysis ,the dimension in the sheet1.xml ,is just A1 .",
    "LastUpdatedDate": "2013-05-16T05:00:03.547-07:00",
    "PlannedForRelease": "",
    "ReleaseVisibleToPublic": false,
    "Priority": {
      "Name": "Low",
      "Severity": 50,
      "Id": 1
    },
    "ProjectName": "ExcelDataReader",
    "ReportedDate": "2009-06-23T05:56:01.607-07:00",
    "Status": {
      "Name": "Closed",
      "Id": 4
    },
    "ReasonClosed": {
      "Name": "Unassigned"
    },
    "Summary": "When the data is present only is the column A1",
    "Type": {
      "Name": "Issue",
      "Id": 3
    },
    "VoteCount": 1,
    "Id": 3332
  },
  "FileAttachments": [
    {
      "FileId": 1238,
      "FileName": "excelreader.txt",
      "DownloadUrl": ".\\1238"
    }
  ],
  "Comments": [
    {
      "Message": "code to fix the issue",
      "PostedDate": "2009-06-23T06:22:04.853-07:00",
      "Id": -2147483648
    },
    {
      "Message": "code to fix the issue",
      "PostedDate": "2009-06-23T06:22:42.9-07:00",
      "Id": -2147483648
    },
    {
      "Message": "",
      "PostedDate": "2009-06-23T06:22:43.637-07:00",
      "Id": -2147483648
    },
    {
      "Message": "",
      "PostedDate": "2009-08-24T11:56:05.067-07:00",
      "Id": -2147483648
    },
    {
      "Message": "",
      "PostedDate": "2009-08-24T14:12:43.427-07:00",
      "Id": -2147483648
    },
    {
      "Message": "",
      "PostedDate": "2013-02-21T17:47:49.607-08:00",
      "Id": -2147483648
    },
    {
      "Message": "",
      "PostedDate": "2013-05-16T05:00:03.547-07:00",
      "Id": -2147483648
    }
  ]
}