{
  "WorkItem": {
    "AffectedComponent": {
      "Name": "",
      "DisplayName": ""
    },
    "ClosedComment": "",
    "ClosedDate": "2013-01-28T03:27:53.957-08:00",
    "CommentCount": 0,
    "Custom": null,
    "Description": "Hi,\nwhen i read xlsx file using excel reader decimal values are not reading properly.\nif the file contains 0.07 as cell values it is reading as 7.000000000007E-2. when i import large file i see this behaviour. can any one please help me how to fix this.\nThanks\nRegards\nSuresh",
    "LastUpdatedDate": "2017-11-27T20:47:28.387-08:00",
    "PlannedForRelease": "",
    "ReleaseVisibleToPublic": false,
    "Priority": {
      "Name": "Low",
      "Severity": 50,
      "Id": 1
    },
    "ProjectName": "ExcelDataReader",
    "ReportedDate": "2012-06-19T03:32:42.663-07:00",
    "Status": {
      "Name": "Closed",
      "Id": 4
    },
    "ReasonClosed": {
      "Name": "Unassigned"
    },
    "Summary": "excel reader not reading decimal values properly",
    "Type": {
      "Name": "Issue",
      "Id": 3
    },
    "VoteCount": 2,
    "Id": 10910
  },
  "FileAttachments": [],
  "Comments": [
    {
      "Message": "That is a bug and caused causes by lines like this one\r\n\r\nif (double.TryParse(o.ToString(), out number)\r\n\r\n(found in  ExcelOpenXMLReader.cs, line 202)\r\n\r\n\n.NET tries to convert strings to double based on the language settings of your system. If it is German for example it expects a comma (,) in values like 0,5. Excel instead uses the english-style 0.5. \nClassical bug, easy to fix, but you have to do it :-)\r\n\r\n\ntih",
      "PostedDate": "2013-01-26T07:36:32.573-08:00",
      "Id": -2147483648
    },
    {
      "Message": "",
      "PostedDate": "2013-01-26T07:41:23.027-08:00",
      "Id": -2147483648
    },
    {
      "Message": "A fix count look like this\r\n\r\nvar style = NumberStyles.Number | NumberStyles.AllowCurrencySymbol;\nvar culture = CultureInfo.CreateSpecificCulture(\"en-GB\");\nif (double.TryParse(o.ToString(), style, culture, out number))\n\to = number;\r\n\r\n\ntih",
      "PostedDate": "2013-01-26T07:42:23.313-08:00",
      "Id": -2147483648
    },
    {
      "Message": "Thanks for this @Tih. I'll take a look and see if I can recreate and incorporate your fix.",
      "PostedDate": "2013-01-28T01:08:52.057-08:00",
      "Id": -2147483648
    },
    {
      "Message": "",
      "PostedDate": "2013-01-28T01:11:53.49-08:00",
      "Id": -2147483648
    },
    {
      "Message": "Resolved with changeset 82471: Added code and suggested in issue, and unit test that exposed the issue.",
      "PostedDate": "2013-01-28T03:27:53.957-08:00",
      "Id": -2147483648
    },
    {
      "Message": "",
      "PostedDate": "2013-02-21T17:47:33.247-08:00",
      "Id": -2147483648
    },
    {
      "Message": "",
      "PostedDate": "2013-05-16T04:59:58.433-07:00",
      "Id": -2147483648
    },
    {
      "Message": "",
      "PostedDate": "2017-11-27T20:47:28.387-08:00",
      "Id": -2147483648
    }
  ]
}