{
  "WorkItem": {
    "AffectedComponent": {
      "Name": "",
      "DisplayName": ""
    },
    "ClosedComment": "",
    "ClosedDate": null,
    "CommentCount": 0,
    "Custom": null,
    "Description": "To add methods: TryGetDateTime, TryGetDecimal, TryGetDouble, TryGetFloat, TryGetInt16, TryGetInt32, TryGetInt64, TryGetInt64, etc.\nFor example: bool TryGetInt32(int i, out int result);\n \nIf it is necessary, I can to send next week a patch (if I will find time)",
    "LastUpdatedDate": "2013-02-21T17:47:40.017-08:00",
    "PlannedForRelease": "",
    "ReleaseVisibleToPublic": false,
    "Priority": {
      "Name": "Low",
      "Severity": 50,
      "Id": 1
    },
    "ProjectName": "ExcelDataReader",
    "ReportedDate": "2011-04-07T02:20:35.28-07:00",
    "Status": {
      "Name": "Proposed",
      "Id": 1
    },
    "ReasonClosed": {
      "Name": "Unassigned"
    },
    "Summary": "To add methods: Try... etc.",
    "Type": {
      "Name": "Issue",
      "Id": 3
    },
    "VoteCount": 1,
    "Id": 8609
  },
  "FileAttachments": [],
  "Comments": [
    {
      "Message": "Forgive for my English. My native language - Russian",
      "PostedDate": "2011-04-07T02:22:10.95-07:00",
      "Id": -2147483648
    },
    {
      "Message": "",
      "PostedDate": "2013-02-21T17:47:40.017-08:00",
      "Id": -2147483648
    }
  ]
}