{
  "WorkItem": {
    "AffectedComponent": {
      "Name": "",
      "DisplayName": ""
    },
    "ClosedComment": "",
    "ClosedDate": null,
    "CommentCount": 0,
    "Custom": null,
    "Description": "Loading an xls work fine, however when I attempt to load a xlsx I get the following error.\n \nSystem.IO.FileLoadException: Could not load file or assembly 'ICSharpCode.SharpZipLib, Version=0.85.5.452, Culture=neutral, PublicKeyToken=1b03e6acf1164f73' or one of its dependencies. The located assembly's manifest definition does not match the assembly reference.\n \nThis is the line that produces the error\nIExcelDataReader excelReader = ExcelReaderFactory.CreateOpenXmlReader(postedFile.InputStream);",
    "LastUpdatedDate": "2013-02-21T17:47:38.363-08:00",
    "PlannedForRelease": "",
    "ReleaseVisibleToPublic": false,
    "Priority": {
      "Name": "Low",
      "Severity": 50,
      "Id": 1
    },
    "ProjectName": "ExcelDataReader",
    "ReportedDate": "2011-08-29T07:31:35.05-07:00",
    "Status": {
      "Name": "Proposed",
      "Id": 1
    },
    "ReasonClosed": {
      "Name": "Unassigned"
    },
    "Summary": "Error reading xlsx",
    "Type": {
      "Name": "Issue",
      "Id": 3
    },
    "VoteCount": 1,
    "Id": 9445
  },
  "FileAttachments": [],
  "Comments": []
}