{
  "WorkItem": {
    "AffectedComponent": {
      "Name": "",
      "DisplayName": ""
    },
    "ClosedComment": "",
    "ClosedDate": null,
    "CommentCount": 0,
    "Custom": null,
    "Description": "I'm dealing with BIFF8 documents generated by some proprietary accounting application (which is ubiqutous in Russia) and it seems in these documents the \"last existing row\" field from the \"worksheet index\" record is bogus and is less than the (correct) number available via the \"dimensions\" worksheet record.\n \nWhile this can be viewed as the mentioned program violating \"the specification\", native Microsoft software and OpenOffice/LibreOffice have no problem dealing with these files so I'm inclined to think we should use the max available row number from that \"dimensions\" sheet record if it's available.\n \nThe attached patch contains the proposed fix.",
    "LastUpdatedDate": "2013-06-14T00:34:03.923-07:00",
    "PlannedForRelease": "",
    "ReleaseVisibleToPublic": false,
    "Priority": {
      "Name": "Low",
      "Severity": 50,
      "Id": 1
    },
    "ProjectName": "ExcelDataReader",
    "ReportedDate": "2012-01-09T07:56:47.797-08:00",
    "Status": {
      "Name": "Resolved",
      "Id": 7
    },
    "ReasonClosed": {
      "Name": "Unassigned"
    },
    "Summary": "Incorrect detection of the last row for certain BIFF8 files",
    "Type": {
      "Name": "Issue",
      "Id": 3
    },
    "VoteCount": 2,
    "Id": 10121
  },
  "FileAttachments": [
    {
      "FileId": 3748,
      "FileName": "get-max-columns-from-dims.patch",
      "DownloadUrl": ".\\3748"
    }
  ],
  "Comments": [
    {
      "Message": "Forgot to add that the patch is made against revision 59893.",
      "PostedDate": "2012-01-09T07:59:13.083-08:00",
      "Id": -2147483648
    },
    {
      "Message": "",
      "PostedDate": "2012-01-09T22:18:05.84-08:00",
      "Id": -2147483648
    },
    {
      "Message": "",
      "PostedDate": "2013-02-01T03:38:38.433-08:00",
      "Id": -2147483648
    },
    {
      "Message": "Associated with changeset 82640: applied patch, but had to modify it to use  (int)dims.LastRow instead of (int)dims.LastRow - 1 . Was unable to recreate exact issue in a unit test but this patch seems valid and existing tests all pass",
      "PostedDate": "2013-02-13T11:48:57.48-08:00",
      "Id": -2147483648
    },
    {
      "Message": "Can you try this latest version with one of your documents?",
      "PostedDate": "2013-02-13T11:50:12.133-08:00",
      "Id": -2147483648
    },
    {
      "Message": "",
      "PostedDate": "2013-02-13T14:40:24.507-08:00",
      "Id": -2147483648
    },
    {
      "Message": "",
      "PostedDate": "2013-02-21T17:47:35.937-08:00",
      "Id": -2147483648
    },
    {
      "Message": "",
      "PostedDate": "2013-05-16T04:59:58.957-07:00",
      "Id": -2147483648
    },
    {
      "Message": "",
      "PostedDate": "2013-05-16T04:59:59.08-07:00",
      "Id": -2147483648
    },
    {
      "Message": "",
      "PostedDate": "2013-06-14T00:34:03.923-07:00",
      "Id": -2147483648
    }
  ]
}