{
  "WorkItem": {
    "AffectedComponent": {
      "Name": "",
      "DisplayName": ""
    },
    "ClosedComment": "",
    "ClosedDate": null,
    "CommentCount": 0,
    "Custom": null,
    "Description": "When reading an old excel file, I'm getting exception:   \"Error:Invalid file signature.\";  Tried with Aspose.Cells, also getting an exception: \"This Excel file contains (Excel2.1 or earlier file format) records\".",
    "LastUpdatedDate": "2013-02-21T17:47:28.78-08:00",
    "PlannedForRelease": "",
    "ReleaseVisibleToPublic": false,
    "Priority": {
      "Name": "Low",
      "Severity": 50,
      "Id": 1
    },
    "ProjectName": "ExcelDataReader",
    "ReportedDate": "2013-02-04T12:32:40.683-08:00",
    "Status": {
      "Name": "Proposed",
      "Id": 1
    },
    "ReasonClosed": {
      "Name": "Unassigned"
    },
    "Summary": "Can't read some old excel file",
    "Type": {
      "Name": "Issue",
      "Id": 3
    },
    "VoteCount": 1,
    "Id": 11554
  },
  "FileAttachments": [],
  "Comments": [
    {
      "Message": "Can you attach the file, or an example of it? Depending on exactly how old the file is we may not support it.",
      "PostedDate": "2013-02-13T11:56:25.023-08:00",
      "Id": -2147483648
    },
    {
      "Message": "",
      "PostedDate": "2013-02-21T17:47:28.78-08:00",
      "Id": -2147483648
    }
  ]
}