{
  "WorkItem": {
    "AffectedComponent": {
      "Name": "",
      "DisplayName": ""
    },
    "ClosedComment": "Resolved in the last release version.",
    "ClosedDate": "2009-08-24T14:12:45.427-07:00",
    "CommentCount": 0,
    "Custom": null,
    "Description": "Hi there - excellent utility!  Following a discussion, would it be possible for a flag to be added e.g. PutFirstRowIntoHeader boolean, so that if the first row of an excel sheet are headers, these can be used?  I believe someone in the discussion has even provided code to amend the dataset to do this.\nKind Regards,  Mark",
    "LastUpdatedDate": "2013-05-16T05:00:02.843-07:00",
    "PlannedForRelease": "",
    "ReleaseVisibleToPublic": false,
    "Priority": {
      "Name": "Low",
      "Severity": 50,
      "Id": 1
    },
    "ProjectName": "ExcelDataReader",
    "ReportedDate": "2009-07-15T02:59:46.583-07:00",
    "Status": {
      "Name": "Closed",
      "Id": 4
    },
    "ReasonClosed": {
      "Name": "Unassigned"
    },
    "Summary": "Request for first row to be used as header flag/property",
    "Type": {
      "Name": "Issue",
      "Id": 3
    },
    "VoteCount": 1,
    "Id": 3526
  },
  "FileAttachments": [],
  "Comments": []
}