{
  "WorkItem": {
    "AffectedComponent": {
      "Name": "",
      "DisplayName": ""
    },
    "ClosedComment": "",
    "ClosedDate": "2012-12-17T07:50:53.047-08:00",
    "CommentCount": 0,
    "Custom": null,
    "Description": "Problem appears to be in tryConvertOADateTimeIf it fails to convert to a double it then returns the default double value instead of value",
    "LastUpdatedDate": "2017-11-27T20:47:28.797-08:00",
    "PlannedForRelease": "",
    "ReleaseVisibleToPublic": false,
    "Priority": {
      "Name": "Low",
      "Severity": 50,
      "Id": 1
    },
    "ProjectName": "ExcelDataReader",
    "ReportedDate": "2012-12-17T07:47:43.94-08:00",
    "Status": {
      "Name": "Closed",
      "Id": 4
    },
    "ReasonClosed": {
      "Name": "Unassigned"
    },
    "Summary": "XLS Formula comes out as 0.0 instead of value",
    "Type": {
      "Name": "Issue",
      "Id": 3
    },
    "VoteCount": 1,
    "Id": 11436
  },
  "FileAttachments": [],
  "Comments": [
    {
      "Message": "Resolved with changeset 81858.",
      "PostedDate": "2012-12-17T07:50:53.047-08:00",
      "Id": -2147483648
    },
    {
      "Message": "",
      "PostedDate": "2013-02-21T17:47:31.01-08:00",
      "Id": -2147483648
    },
    {
      "Message": "",
      "PostedDate": "2013-05-16T04:59:57.687-07:00",
      "Id": -2147483648
    },
    {
      "Message": "",
      "PostedDate": "2017-11-27T20:47:28.797-08:00",
      "Id": -2147483648
    }
  ]
}