{
  "WorkItem": {
    "AffectedComponent": {
      "Name": "",
      "DisplayName": ""
    },
    "ClosedComment": "Fixed in last release.",
    "ClosedDate": "2009-08-24T14:19:02.543-07:00",
    "CommentCount": 0,
    "Custom": null,
    "Description": "I get an error: \"Input string was not in a correct format.\" when Column A1 is empty in the excelReader.AsDataSet() method when opening an OpenXML file.  The same file works fine when data is present, also works fine when converted to XLS file.  Code below.  Sample file attached.\n \nIs there a work around or fix planned?\n \nThanks,\n-Rick\n \n \nVB.Net Code:\n                        Dim oFI As New FileInfo(FilePath)\n\t\t\tIf Not oFI.Exists Then Throw New Exception(\"Could not find uploaded file on the server.  Please re-upload and try again.\")\n \n\t\t\tDim stream As FileStream = File.Open(FilePath, FileMode.Open, FileAccess.Read, FileShare.ReadWrite)\n\t\t\tDim excelReader As IExcelDataReader = Nothing\n \n\t\t\tSelect Case oFI.Extension.ToLower\n\t\t\t\tCase Is = \".xls\"\t\t'Reading from a binary Excel file ('97-2003 format; *.xls)\t\t\t\t\n\t\t\t\t\texcelReader = Factory.CreateReader(stream, ExcelFileType.Binary)\n\t\t\t\tCase Is = \".xlsx\"\n\t\t\t\t\t' Reading from a OpenXml Excel file (2007 format; *.xlsx)\n\t\t\t\t\texcelReader = Factory.CreateReader(stream, ExcelFileType.OpenXml)\n\t\t\t\tCase Else\n\t\t\t\t\tThrow New Exception(\"File extension for uploaded file not supported.  Extension= \" + oFI.Extension.ToLower)\n\t\t\tEnd Select\n \n\t\t\t' The result of each spreadsheet will be created in the result.Tables\n                        Dim oDS As DataSet = excelReader.AsDataSet()    'THIS LINE THROWS AN ERROR FOR XLS FILES IF COL A1 is empty.  \n\t\t\tstream.Close()\n\t\t\tstream = Nothing",
    "LastUpdatedDate": "2013-05-16T05:00:02.997-07:00",
    "PlannedForRelease": "",
    "ReleaseVisibleToPublic": false,
    "Priority": {
      "Name": "Low",
      "Severity": 50,
      "Id": 1
    },
    "ProjectName": "ExcelDataReader",
    "ReportedDate": "2009-07-13T10:59:42.153-07:00",
    "Status": {
      "Name": "Closed",
      "Id": 4
    },
    "ReasonClosed": {
      "Name": "Unassigned"
    },
    "Summary": "XLSX First Column Empty Causes Error: Input string was not in a correct format.",
    "Type": {
      "Name": "Issue",
      "Id": 3
    },
    "VoteCount": 1,
    "Id": 3511
  },
  "FileAttachments": [
    {
      "FileId": 1262,
      "FileName": "testimport.xlsx",
      "DownloadUrl": ".\\1262"
    }
  ],
  "Comments": []
}