{
  "WorkItem": {
    "AffectedComponent": {
      "Name": "",
      "DisplayName": ""
    },
    "ClosedComment": "",
    "ClosedDate": null,
    "CommentCount": 0,
    "Custom": null,
    "Description": "subj",
    "LastUpdatedDate": "2013-02-21T17:47:41.26-08:00",
    "PlannedForRelease": "",
    "ReleaseVisibleToPublic": false,
    "Priority": {
      "Name": "Low",
      "Severity": 50,
      "Id": 1
    },
    "ProjectName": "ExcelDataReader",
    "ReportedDate": "2011-03-16T02:03:21.633-07:00",
    "Status": {
      "Name": "Proposed",
      "Id": 1
    },
    "ReasonClosed": {
      "Name": "Unassigned"
    },
    "Summary": "Use Datetime.FromOADate for DateTime columns",
    "Type": {
      "Name": "Issue",
      "Id": 3
    },
    "VoteCount": 1,
    "Id": 8526
  },
  "FileAttachments": [],
  "Comments": [
    {
      "Message": "I'll assume this is a duplicate of 10844 for now and will fix that.",
      "PostedDate": "2012-12-12T08:18:50.743-08:00",
      "Id": -2147483648
    },
    {
      "Message": "",
      "PostedDate": "2013-02-21T17:47:41.26-08:00",
      "Id": -2147483648
    }
  ]
}