{
  "WorkItem": {
    "AffectedComponent": {
      "Name": "",
      "DisplayName": ""
    },
    "ClosedComment": "",
    "ClosedDate": "2013-03-11T04:03:52.383-07:00",
    "CommentCount": 0,
    "Custom": null,
    "Description": "On initiliasation of the ExcelBinaryReader, a set of worksheet global information is retrieved (including the set of Sheet Names).\n\nHowever it is not possible to inspect the name of the first sheet without performing a read operation first.\n\nOn investigation this is related to the initialisation of the m_SheetIndex value which is initialied to -1 and not incremented until the first read.\n\nNote: It is possible to get the name of the first sheet without performing a read operation on the ExcelOpenXmlReader.\n\nA patch will soon be submitted in relation to this.",
    "LastUpdatedDate": "2017-11-27T20:47:30.58-08:00",
    "PlannedForRelease": "",
    "ReleaseVisibleToPublic": false,
    "Priority": {
      "Name": "Low",
      "Severity": 50,
      "Id": 1
    },
    "ProjectName": "ExcelDataReader",
    "ReportedDate": "2013-02-26T01:48:08.097-08:00",
    "Status": {
      "Name": "Closed",
      "Id": 4
    },
    "ReasonClosed": {
      "Name": "Unassigned"
    },
    "Summary": "ExcelBinaryReader - Ability to check Sheet Name before first Read() operation",
    "Type": {
      "Name": "Issue",
      "Id": 3
    },
    "VoteCount": 1,
    "Id": 11602
  },
  "FileAttachments": [],
  "Comments": [
    {
      "Message": "Resolved with changeset 82881.",
      "PostedDate": "2013-03-11T04:03:52.383-07:00",
      "Id": -2147483648
    },
    {
      "Message": "",
      "PostedDate": "2013-05-16T04:59:55.637-07:00",
      "Id": -2147483648
    },
    {
      "Message": "",
      "PostedDate": "2017-11-27T20:47:30.58-08:00",
      "Id": -2147483648
    }
  ]
}