{
  "WorkItem": {
    "AffectedComponent": {
      "Name": "",
      "DisplayName": ""
    },
    "ClosedComment": "",
    "ClosedDate": "2013-05-14T03:43:55.417-07:00",
    "CommentCount": 0,
    "Custom": null,
    "Description": "Hi,\n\nWhen I read attached file below had raise error. \nPls check and fix.\n\nThank you!",
    "LastUpdatedDate": "2013-05-16T04:59:54.297-07:00",
    "PlannedForRelease": "",
    "ReleaseVisibleToPublic": false,
    "Priority": {
      "Name": "Unassigned",
      "Severity": 0,
      "Id": 0
    },
    "ProjectName": "ExcelDataReader",
    "ReportedDate": "2013-04-01T03:56:20.993-07:00",
    "Status": {
      "Name": "Closed",
      "Id": 4
    },
    "ReasonClosed": {
      "Name": "Unassigned"
    },
    "Summary": "Null exception at ExcelBinaryReader.cs line 345",
    "Type": {
      "Name": "Issue",
      "Id": 3
    },
    "VoteCount": 1,
    "Id": 11681
  },
  "FileAttachments": [
    {
      "FileId": 4488,
      "FileName": "no_not_open_by_excel.xls",
      "DownloadUrl": ".\\4488"
    }
  ],
  "Comments": [
    {
      "Message": "This doesn't even open in excel. I doubt there is much chance of ExcelDataReader opening it.",
      "PostedDate": "2013-04-04T08:26:33.337-07:00",
      "Id": -2147483648
    },
    {
      "Message": "",
      "PostedDate": "2013-05-14T03:43:55.417-07:00",
      "Id": -2147483648
    },
    {
      "Message": "",
      "PostedDate": "2013-05-16T04:59:54.297-07:00",
      "Id": -2147483648
    }
  ]
}