{
  "WorkItem": {
    "AffectedComponent": {
      "Name": "",
      "DisplayName": ""
    },
    "ClosedComment": "",
    "ClosedDate": "2013-01-07T05:13:46.193-08:00",
    "CommentCount": 0,
    "Custom": null,
    "Description": "This seems to be affecting xlsx due to it setting the dimension but there being nothing in sheetData",
    "LastUpdatedDate": "2017-11-27T20:47:29-08:00",
    "PlannedForRelease": "",
    "ReleaseVisibleToPublic": false,
    "Priority": {
      "Name": "Low",
      "Severity": 50,
      "Id": 1
    },
    "ProjectName": "ExcelDataReader",
    "ReportedDate": "2013-01-07T04:56:04.96-08:00",
    "Status": {
      "Name": "Closed",
      "Id": 4
    },
    "ReasonClosed": {
      "Name": "Unassigned"
    },
    "Summary": "Empty sheets after non-empty sheets are read in as having one field",
    "Type": {
      "Name": "Issue",
      "Id": 3
    },
    "VoteCount": 1,
    "Id": 11479
  },
  "FileAttachments": [],
  "Comments": [
    {
      "Message": "Resolved with changeset 82179: Fix blank sheets issue",
      "PostedDate": "2013-01-07T05:13:46.193-08:00",
      "Id": -2147483648
    },
    {
      "Message": "",
      "PostedDate": "2013-02-21T17:47:30.36-08:00",
      "Id": -2147483648
    },
    {
      "Message": "",
      "PostedDate": "2013-05-16T04:59:57.38-07:00",
      "Id": -2147483648
    },
    {
      "Message": "",
      "PostedDate": "2017-11-27T20:47:29-08:00",
      "Id": -2147483648
    }
  ]
}