{
  "WorkItem": {
    "AffectedComponent": {
      "Name": "",
      "DisplayName": ""
    },
    "ClosedComment": "Resolved in the last release version.",
    "ClosedDate": "2009-08-24T14:15:09.563-07:00",
    "CommentCount": 0,
    "Custom": null,
    "Description": "refer to : http://msdn.microsoft.com/zh-cn/library/dd819387(en-us).aspx#odc_xl2007__EditingExcelOOXMLDatawithVBA_FindingDatainaWorksheet\n \nthe map is:  sheet id(xl\\_workbook.xml)- sheet r:id(xl\\_workbook.xml)- relationship id(xl\\_rels\\workbook.xml.rels)- relationship target(xl\\_rels\\workbook.xml.rels)\n \nso, ZipWorker.GetWorksheetStream() is incorrect to get xml file for a excel sheet.",
    "LastUpdatedDate": "2013-05-16T05:00:02.2-07:00",
    "PlannedForRelease": "",
    "ReleaseVisibleToPublic": false,
    "Priority": {
      "Name": "Low",
      "Severity": 50,
      "Id": 1
    },
    "ProjectName": "ExcelDataReader",
    "ReportedDate": "2009-08-12T10:02:08.253-07:00",
    "Status": {
      "Name": "Closed",
      "Id": 4
    },
    "ReasonClosed": {
      "Name": "Unassigned"
    },
    "Summary": "The sheet id may not point to \"sheet{sheet id}.xml\"",
    "Type": {
      "Name": "Issue",
      "Id": 3
    },
    "VoteCount": 1,
    "Id": 3762
  },
  "FileAttachments": [
    {
      "FileId": 1340,
      "FileName": "src.rar",
      "DownloadUrl": ".\\1340"
    }
  ],
  "Comments": [
    {
      "Message": "Thanks.\r\nFixed",
      "PostedDate": "2009-08-24T14:15:02.53-07:00",
      "Id": -2147483648
    },
    {
      "Message": "",
      "PostedDate": "2009-08-24T14:15:09.563-07:00",
      "Id": -2147483648
    },
    {
      "Message": "",
      "PostedDate": "2013-02-21T17:47:47.767-08:00",
      "Id": -2147483648
    },
    {
      "Message": "",
      "PostedDate": "2013-05-16T05:00:02.2-07:00",
      "Id": -2147483648
    }
  ]
}