[
  {
    "Id": "0",
    "Name": "ExcelDataReader v2.1",
    "DevelopmentStatus": "Beta",
    "Description": "*Changes*\n* Open Office 3 generated xls file support. \n* Data types preserved in datasets\n* Duplicate column names handled in datasets\n* Fix problems with empty sheets and xlsx\n* Fix problems detecting dates in xls e.g. currency being detected as a date\n* Fix problems with blank columns in xlsx\n* Fix problems with temp file locking in xlsx\n\nIn particular for the Open Office support it now supports short stream formats in xls documents and worksheets with no INDEX or DBCELL records. This probably helps with documents generated from other tools as well.",
    "ReleasedDatge": "0001-01-01T00:00:00",
    "ModifiedDate": "2013-02-13T15:13:55.253-08:00",
    "Files": [
      {
        "Id": "73e63398-fcf5-444e-80e1-3a13c99d083d",
        "FileName": "2.1.beta.binary.zip",
        "Url": "./0/73e63398-fcf5-444e-80e1-3a13c99d083d",
        "Type": "Application",
        "UploadDate": "2013-01-17T05:38:26.467-08:00"
      },
      {
        "Id": "2427c13c-b58a-4b1b-a9ae-221b48583d37",
        "FileName": "2.1.beta.src.zip",
        "Url": "./0/2427c13c-b58a-4b1b-a9ae-221b48583d37",
        "Type": "Source Code",
        "UploadDate": "2013-01-17T05:38:26.5-08:00"
      }
    ]
  },
  {
    "Id": "1",
    "Name": "Latest Source Code",
    "DevelopmentStatus": "Beta",
    "Description": "*Please download the latest source code and run a build for specific project.*",
    "ReleasedDatge": "0001-01-01T00:00:00",
    "ModifiedDate": "2012-12-18T07:27:22.303-08:00",
    "Files": []
  },
  {
    "Id": "2",
    "Name": "ExcelDataReader v.2.0.1.0",
    "DevelopmentStatus": "Stable",
    "Description": "ExcelDataReader maintenance release.\n\nVarious bugs fixed.",
    "ReleasedDatge": "0001-01-01T00:00:00",
    "ModifiedDate": "2009-08-24T13:29:07.453-07:00",
    "Files": [
      {
        "Id": "3a40d0db-b29b-4e95-8a04-80358df24115",
        "FileName": "ExcelDataReader_2.0.1.0.zip",
        "Url": "./2/3a40d0db-b29b-4e95-8a04-80358df24115",
        "Type": "Application",
        "UploadDate": "2009-08-24T13:29:07.313-07:00"
      }
    ]
  },
  {
    "Id": "3",
    "Name": "ExcelDataReader v2",
    "DevelopmentStatus": "Stable",
    "Description": "*ExcelDataReader* version 2\n\n* Added OpenXml File Support (Excel2007)\n* Added IExcelDataReader interface (implements IDataReader)\n* Added Factory Pattern\n* More Unit Tests",
    "ReleasedDatge": "0001-01-01T00:00:00",
    "ModifiedDate": "2009-05-12T09:37:23.84-07:00",
    "Files": [
      {
        "Id": "fb69c35c-0881-4182-8181-405e9bdd6dfc",
        "FileName": "Excel.dll",
        "Url": "./3/fb69c35c-0881-4182-8181-405e9bdd6dfc",
        "Type": "Application",
        "UploadDate": "2009-05-12T09:37:23.233-07:00"
      },
      {
        "Id": "d5ed0edc-6d68-47d1-ba24-6ab67f4b301e",
        "FileName": "Excel.dll",
        "Url": "./3/d5ed0edc-6d68-47d1-ba24-6ab67f4b301e",
        "Type": "Application",
        "UploadDate": "2009-05-12T09:37:23.357-07:00"
      },
      {
        "Id": "9516a0d3-0088-4f44-a1e7-a15fc978e06f",
        "FileName": "ICSharpCode.SharpZipLib.dll",
        "Url": "./3/9516a0d3-0088-4f44-a1e7-a15fc978e06f",
        "Type": "Application",
        "UploadDate": "2009-05-12T09:37:23.497-07:00"
      },
      {
        "Id": "8284d624-4480-49a2-b92c-b31d7eeaa28c",
        "FileName": "ICSharpCode.SharpZipLib.dll",
        "Url": "./3/8284d624-4480-49a2-b92c-b31d7eeaa28c",
        "Type": "Application",
        "UploadDate": "2009-05-12T09:37:23.623-07:00"
      }
    ]
  },
  {
    "Id": "4",
    "Name": "ExcelDataReader v1.1 beta1",
    "DevelopmentStatus": "Beta",
    "Description": "* New \n** Mono 2+ support\n** .Net Compact framework support\n** Added IsProtected property (indicating when xls file is password protected)\n** Added OADate conversion (beta)\n\n* Bug fixes\n** Resolved issue 1520 (Forumular strings returned as junk text)\n** Resolved issue 1468",
    "ReleasedDatge": "0001-01-01T00:00:00",
    "ModifiedDate": "2009-04-12T21:32:55.293-07:00",
    "Files": [
      {
        "Id": "39c54ef2-b341-4d6c-9219-fe28b6c75ea8",
        "FileName": "Excel.dll",
        "Url": "./4/39c54ef2-b341-4d6c-9219-fe28b6c75ea8",
        "Type": "Application",
        "UploadDate": "2009-04-12T21:32:55.013-07:00"
      },
      {
        "Id": "39d397f7-e3c9-4e77-862b-d591679a18f3",
        "FileName": "Excel.dll",
        "Url": "./4/39d397f7-e3c9-4e77-862b-d591679a18f3",
        "Type": "Application",
        "UploadDate": "2009-04-12T21:32:55.137-07:00"
      }
    ]
  },
  {
    "Id": "5",
    "Name": "First Release",
    "DevelopmentStatus": "None",
    "Description": "This is the first release witch include main library release and the Unit Tests.",
    "ReleasedDatge": "0001-01-01T00:00:00",
    "ModifiedDate": "2008-10-19T09:38:50.893-07:00",
    "Files": [
      {
        "Id": "d77a4bdf-9124-4a3b-ad27-32a18f6eab07",
        "FileName": "ExcelDataReader.v1.0.1.15.src.zip",
        "Url": "./5/d77a4bdf-9124-4a3b-ad27-32a18f6eab07",
        "Type": "Source Code",
        "UploadDate": "2008-10-17T07:48:08.77-07:00"
      }
    ]
  },
  {
    "Id": "6",
    "Name": "2.1.2.0",
    "DevelopmentStatus": "Stable",
    "Description": "*Fixes*\n* Fixes for some SSRS sourced files (out of range checks)\n* Missing columns on xlsx generated by google docs\n* Corrupt xls goes into infinite loop\n* No data on xlsx generated by google docs\n* Xlsx with multiple sheets has no first row on last sheet",
    "ReleasedDatge": "0001-01-01T00:00:00",
    "ModifiedDate": "2014-02-07T08:47:40.89-08:00",
    "Files": [
      {
        "Id": "83d741aa-d0ca-462d-84ce-ce7bcf3e58de",
        "FileName": "output.zip",
        "Url": "./6/83d741aa-d0ca-462d-84ce-ce7bcf3e58de",
        "Type": "Application",
        "UploadDate": "2014-01-30T04:17:47.237-08:00"
      }
    ]
  }
]