[
  {
    "Title": "Home",
    "Id": "891519",
    "ParentWikiTitle": "Home",
    "FileExtension": "codeplexwiki",
    "UpdatedDate": "2014-07-31T02:17:30.577-07:00",
    "FileAttachments": [
      {
        "Id": "d4b4e5c6-6505-4a45-8e36-3c57dd82bee7",
        "FileName": "net_ready.png",
        "DownloadUri": "./891519/d4b4e5c6-6505-4a45-8e36-3c57dd82bee7"
      },
      {
        "Id": "1e833ced-d9f3-458d-929b-1559390c2e06",
        "FileName": "cf_ready.png",
        "DownloadUri": "./891519/1e833ced-d9f3-458d-929b-1559390c2e06"
      },
      {
        "Id": "f31fbdfd-fd4f-4b41-a8d0-3846f828591a",
        "FileName": "mono_ready.png",
        "DownloadUri": "./891519/f31fbdfd-fd4f-4b41-a8d0-3846f828591a"
      }
    ]
  }
]
